Euro Members-EUR,AAVE - ( Ethereum ),You get ~0.36608 AAVE for 100 EUR
Euro Members-EUR,ADA - ( Cardano ),You get ~138.89106 ADA for 100 EUR
Euro Members-EUR,ALGO - ( Algorand ),You get ~428.44315 ALGO for 100 EUR
Euro Members-EUR,APT - ( Aptos ),You get ~24.30098 APT for 100 EUR
Euro Members-EUR,ATOM - ( Cosmos ),You get ~24.55451 ATOM for 100 EUR
Euro Members-EUR,AVAX - ( Avalanche ),You get ~4.79867 AVAX for 100 EUR
Euro Members-EUR,AXS - ( Ronin ),No summary
Euro Members-EUR,AXS - ( Ronin ),No summary
Euro Members-EUR,BABYDOGE - ( Binance_Smart_Chain ),No summary
Euro Members-EUR,BCH - ( Bitcoin_Cash ),You get ~0.20801 BCH for 100 EUR
Euro Members-EUR,BKN - ( Ethereum ),No summary
Euro Members-EUR,BNB - ( Binance_Smart_Chain ),You get ~0.18681 BNB for 100 EUR
Euro Members-EUR,BSV - ( Bitcoin_Satoshi_Vision ),No summary
Euro Members-EUR,BTC - ( Bitcoin ),You get ~0.00090 BTC for 100 EUR
Euro Members-EUR,CELO - ( Celo ),You get ~328.78787 CELO for 100 EUR
Euro Members-EUR,CUSD - ( CELO ),You get ~116.32921 CUSD for 100 EUR
Euro Members-EUR,DAI - ( Binance_Smart_Chain ),No summary
Euro Members-EUR,DEENAR - ( Haqq ),You get ~1.51754 DEENAR for 100 EUR
Euro Members-EUR,DOGE - ( Dogecoin ),You get ~485.56204 DOGE for 100 EUR
Euro Members-EUR,DOT - ( Polkadot ),You get ~28.16351 DOT for 100 EUR
Euro Members-EUR,ETH - ( Base ),No summary
Euro Members-EUR,ETH - ( Optimism ),No summary
Euro Members-EUR,ETH - ( Ethereum ),You get ~0.03101 ETH for 100 EUR
Euro Members-EUR,ETH - ( Arbitrum ),You get ~0.03080 ETH for 100 EUR
Euro Members-EUR,ETH - ( Ink ),You get ~0.03102 ETH for 100 EUR
Euro Members-EUR,EURC - ( Ethereum ),No summary
Euro Members-EUR,EURC - ( Ethereum ),No summary
Euro Members-EUR,FDUSD - ( Ethereum ),No summary
Euro Members-EUR,FDUSD - ( Binance_Smart_Chain ),No summary
Euro Members-EUR,FLOW - ( Flow ),You get ~280.08886 FLOW for 100 EUR
Euro Members-EUR,FTM - ( Fantom ),No summary
Euro Members-EUR,FUSE - ( Fuse ),You get ~9982.29536 FUSE for 100 EUR
Euro Members-EUR,GLMR - ( Moonbeam ),You get ~1505.75135 GLMR for 100 EUR
Euro Members-EUR,HBAR - ( Hedera ),You get ~430.78827 HBAR for 100 EUR
Euro Members-EUR,IMX - ( Ethereum ),You get ~194.37294 IMX for 100 EUR
Euro Members-EUR,ISLM - ( Haqq ),You get ~4019.14460 ISLM for 100 EUR
Euro Members-EUR,KAIA - ( Kaia ),You get ~711.18135 KAIA for 100 EUR
Euro Members-EUR,KDA - ( Kadena ),You get ~248.47000 KDA for 100 EUR
Euro Members-EUR,L3USD - ( Polygon ),No summary
Euro Members-EUR,LIF3 - ( Ethereum ),You get ~33767.91809 LIF3 for 100 EUR
Euro Members-EUR,LINK - ( Ethereum ),You get ~5.99737 LINK for 100 EUR
Euro Members-EUR,LTC - ( Litecoin ),You get ~1.36036 LTC for 100 EUR
Euro Members-EUR,MANA - ( Ethereum ),You get ~348.67550 MANA for 100 EUR
Euro Members-EUR,NEAR - ( Near ),You get ~40.29325 NEAR for 100 EUR
Euro Members-EUR,NEIRO - ( Ethereum ),You get ~917.51368 NEIRO for 100 EUR
Euro Members-EUR,POL - ( Polygon ),You get ~496.85077 POL for 100 EUR
Euro Members-EUR,POL - ( Ethereum ),You get ~472.20604 POL for 100 EUR
Euro Members-EUR,PYUSD - ( Ethereum ),You get ~112.71216 PYUSD for 100 EUR
Euro Members-EUR,RONIN - ( Ronin ),You get ~207.67779 RONIN for 100 EUR
Euro Members-EUR,RONIN - ( Ronin ),You get ~207.67779 RONIN for 100 EUR
Euro Members-EUR,S - ( Sonic ),You get ~346.00535 S for 100 EUR
Euro Members-EUR,SCRT - ( Secret ),You get ~599.48506 SCRT for 100 EUR
Euro Members-EUR,SHIB - ( Ethereum ),You get ~7830833.33333 SHIB for 100 EUR
Euro Members-EUR,SLP - ( Ronin ),No summary
Euro Members-EUR,SLP - ( Ronin ),No summary
Euro Members-EUR,SOL - ( Solana ),You get ~0.61728 SOL for 100 EUR
Euro Members-EUR,STETH - ( Ethereum ),You get ~0.03034 STETH for 100 EUR
Euro Members-EUR,STETH - ( Ethereum ),You get ~0.03034 STETH for 100 EUR
Euro Members-EUR,SWEAT - ( Near ),You get ~43175.85302 SWEAT for 100 EUR
Euro Members-EUR,TON - ( TON ),You get ~35.04859 TON for 100 EUR
Euro Members-EUR,TRX - ( Tron ),You get ~363.16357 TRX for 100 EUR
Euro Members-EUR,UNI - ( Ethereum ),You get ~10.25043 UNI for 100 EUR
Euro Members-EUR,USDC - ( Stellar ),No summary
Euro Members-EUR,USDC - ( Fuse ),You get ~112.61073 USDC for 100 EUR
Euro Members-EUR,USDC - ( Polygon ),You get ~116.31281 USDC for 100 EUR
Euro Members-EUR,USDC - ( Solana ),You get ~115.30089 USDC for 100 EUR
Euro Members-EUR,USDC - ( CELO ),No summary
Euro Members-EUR,USDC - ( Algorand ),No summary
Euro Members-EUR,USDC - ( Linea ),You get ~116.30284 USDC for 100 EUR
Euro Members-EUR,USDC - ( BASE ),No summary
Euro Members-EUR,USDC - ( Binance_Smart_Chain ),No summary
Euro Members-EUR,USDC - ( Ethereum ),You get ~116.26650 USDC for 100 EUR
Euro Members-EUR,USDP - ( Playnance ),No summary
Euro Members-EUR,USDP - ( Playnance ),No summary
Euro Members-EUR,USDT - ( Binance_Smart_Chain ),You get ~115.30089 USDT for 100 EUR
Euro Members-EUR,USDT - ( Arbitrum ),You get ~115.30089 USDT for 100 EUR
Euro Members-EUR,USDT - ( Algorand ),No summary
Euro Members-EUR,USDT - ( Avalanche ),No summary
Euro Members-EUR,USDT - ( Solana ),You get ~114.79575 USDT for 100 EUR
Euro Members-EUR,USDT - ( Optimism ),You get ~115.30103 USDT for 100 EUR
Euro Members-EUR,USDT - ( Ethereum ),You get ~116.21064 USDT for 100 EUR
Euro Members-EUR,USDT - ( CELO ),You get ~116.28167 USDT for 100 EUR
Euro Members-EUR,USDT - ( Tron ),You get ~114.79589 USDT for 100 EUR
Euro Members-EUR,USDT - ( Kaia ),You get ~116.28139 USDT for 100 EUR
Euro Members-EUR,USDT0 - ( Ink ),You get ~116.28126 USDT0 for 100 EUR
Euro Members-EUR,VSC - ( VSC ),No summary
Euro Members-EUR,WBTC - ( Linea ),You get ~0.00099 WBTC for 100 EUR
Euro Members-EUR,WLD - ( Ethereum ),You get ~100.18864 WLD for 100 EUR
Euro Members-EUR,XLM - ( Stellar ),You get ~259.01308 XLM for 100 EUR
Euro Members-EUR,XNO - ( Nano ),You get ~116.46853 XNO for 100 EUR
Euro Members-EUR,XRD - ( Radix ),You get ~14409.01112 XRD for 100 EUR
Euro Members-EUR,XRD - ( Radix ),You get ~14409.01112 XRD for 100 EUR
Euro Members-EUR,XRP - ( XRP ),You get ~36.61725 XRP for 100 EUR
Euro Members-EUR,ZIL - ( Zilliqa ),No summary
Andorra-EUR,AAVE - ( Ethereum ),You get ~0.36533 AAVE for 100 EUR
Andorra-EUR,ADA - ( Cardano ),You get ~139.17486 ADA for 100 EUR
Andorra-EUR,ALGO - ( Algorand ),You get ~428.44315 ALGO for 100 EUR
Andorra-EUR,APT - ( Aptos ),You get ~24.29642 APT for 100 EUR
Andorra-EUR,ATOM - ( Cosmos ),You get ~24.64712 ATOM for 100 EUR
Andorra-EUR,AVAX - ( Avalanche ),You get ~4.79548 AVAX for 100 EUR
Andorra-EUR,AXS - ( Ronin ),No summary
Andorra-EUR,AXS - ( Ronin ),No summary
Andorra-EUR,BABYDOGE - ( Binance_Smart_Chain ),No summary
Andorra-EUR,BCH - ( Bitcoin_Cash ),You get ~0.20787 BCH for 100 EUR
Andorra-EUR,BKN - ( Ethereum ),No summary
Andorra-EUR,BNB - ( Binance_Smart_Chain ),You get ~0.18681 BNB for 100 EUR
Andorra-EUR,BSV - ( Bitcoin_Satoshi_Vision ),No summary
Andorra-EUR,BTC - ( Bitcoin ),You get ~0.00090 BTC for 100 EUR
Andorra-EUR,CELO - ( Celo ),You get ~328.88180 CELO for 100 EUR
Andorra-EUR,CUSD - ( CELO ),You get ~116.22801 CUSD for 100 EUR
Andorra-EUR,DAI - ( Binance_Smart_Chain ),No summary
Andorra-EUR,DEENAR - ( Haqq ),You get ~1.51754 DEENAR for 100 EUR
Andorra-EUR,DOGE - ( Dogecoin ),You get ~485.68436 DOGE for 100 EUR
Andorra-EUR,DOT - ( Polkadot ),You get ~28.16351 DOT for 100 EUR
Andorra-EUR,ETH - ( Base ),No summary
Andorra-EUR,ETH - ( Optimism ),No summary
Andorra-EUR,ETH - ( Ethereum ),You get ~0.03101 ETH for 100 EUR
Andorra-EUR,ETH - ( Arbitrum ),You get ~0.03082 ETH for 100 EUR
Andorra-EUR,ETH - ( Ink ),You get ~0.03102 ETH for 100 EUR
Andorra-EUR,EURC - ( Ethereum ),No summary
Andorra-EUR,EURC - ( Ethereum ),No summary
Andorra-EUR,FDUSD - ( Ethereum ),No summary
Andorra-EUR,FDUSD - ( Binance_Smart_Chain ),No summary
Andorra-EUR,FLOW - ( Flow ),You get ~280.02116 FLOW for 100 EUR
Andorra-EUR,FTM - ( Fantom ),No summary
Andorra-EUR,FUSE - ( Fuse ),You get ~10046.10709 FUSE for 100 EUR
Andorra-EUR,GLMR - ( Moonbeam ),You get ~1505.75135 GLMR for 100 EUR
Andorra-EUR,HBAR - ( Hedera ),You get ~431.07763 HBAR for 100 EUR
Andorra-EUR,IMX - ( Ethereum ),You get ~194.44151 IMX for 100 EUR
Andorra-EUR,ISLM - ( Haqq ),You get ~4024.71855 ISLM for 100 EUR
Andorra-EUR,KAIA - ( Kaia ),You get ~711.31421 KAIA for 100 EUR
Andorra-EUR,KDA - ( Kadena ),You get ~248.25785 KDA for 100 EUR
Andorra-EUR,L3USD - ( Polygon ),No summary
Andorra-EUR,LIF3 - ( Ethereum ),You get ~33767.91809 LIF3 for 100 EUR
Andorra-EUR,LINK - ( Ethereum ),You get ~6.01290 LINK for 100 EUR
Andorra-EUR,LTC - ( Litecoin ),No summary
Andorra-EUR,MANA - ( Ethereum ),You get ~349.12617 MANA for 100 EUR
Andorra-EUR,NEAR - ( Near ),You get ~40.44828 NEAR for 100 EUR
Andorra-EUR,NEIRO - ( Ethereum ),You get ~915.12635 NEIRO for 100 EUR
Andorra-EUR,POL - ( Polygon ),You get ~496.82583 POL for 100 EUR
Andorra-EUR,POL - ( Ethereum ),You get ~472.20841 POL for 100 EUR
Andorra-EUR,PYUSD - ( Ethereum ),You get ~112.71229 PYUSD for 100 EUR
Andorra-EUR,RONIN - ( Ronin ),You get ~207.64076 RONIN for 100 EUR
Andorra-EUR,RONIN - ( Ronin ),You get ~207.64076 RONIN for 100 EUR
Andorra-EUR,S - ( Sonic ),You get ~346.00535 S for 100 EUR
Andorra-EUR,SCRT - ( Secret ),You get ~599.48506 SCRT for 100 EUR
Andorra-EUR,SHIB - ( Ethereum ),You get ~7830000.00000 SHIB for 100 EUR
Andorra-EUR,SLP - ( Ronin ),No summary
Andorra-EUR,SLP - ( Ronin ),No summary
Andorra-EUR,SOL - ( Solana ),No summary
Andorra-EUR,STETH - ( Ethereum ),You get ~0.03032 STETH for 100 EUR
Andorra-EUR,STETH - ( Ethereum ),You get ~0.03032 STETH for 100 EUR
Andorra-EUR,SWEAT - ( Near ),You get ~43213.66024 SWEAT for 100 EUR
Andorra-EUR,TON - ( TON ),You get ~34.91317 TON for 100 EUR
Andorra-EUR,TRX - ( Tron ),You get ~363.16760 TRX for 100 EUR
Andorra-EUR,UNI - ( Ethereum ),You get ~10.27852 UNI for 100 EUR
Andorra-EUR,USDC - ( Stellar ),No summary
Andorra-EUR,USDC - ( Fuse ),You get ~112.60835 USDC for 100 EUR
Andorra-EUR,USDC - ( Polygon ),You get ~116.30530 USDC for 100 EUR
Andorra-EUR,USDC - ( Solana ),You get ~115.29845 USDC for 100 EUR
Andorra-EUR,USDC - ( CELO ),You get ~116.30885 USDC for 100 EUR
Andorra-EUR,USDC - ( Algorand ),No summary
Andorra-EUR,USDC - ( Linea ),You get ~116.29779 USDC for 100 EUR
Andorra-EUR,USDC - ( BASE ),No summary
Andorra-EUR,USDC - ( Binance_Smart_Chain ),No summary
Andorra-EUR,USDC - ( Ethereum ),You get ~116.25885 USDC for 100 EUR
Andorra-EUR,USDP - ( Playnance ),No summary
Andorra-EUR,USDP - ( Playnance ),No summary
Andorra-EUR,USDT - ( Binance_Smart_Chain ),You get ~115.29845 USDT for 100 EUR
Andorra-EUR,USDT - ( Arbitrum ),You get ~115.29845 USDT for 100 EUR
Andorra-EUR,USDT - ( Algorand ),No summary
Andorra-EUR,USDT - ( Avalanche ),No summary
Andorra-EUR,USDT - ( Solana ),You get ~114.79333 USDT for 100 EUR
Andorra-EUR,USDT - ( Optimism ),You get ~115.29845 USDT for 100 EUR
Andorra-EUR,USDT - ( Ethereum ),You get ~116.20614 USDT for 100 EUR
Andorra-EUR,USDT - ( CELO ),You get ~116.27648 USDT for 100 EUR
Andorra-EUR,USDT - ( Tron ),You get ~114.79333 USDT for 100 EUR
Andorra-EUR,USDT - ( Kaia ),You get ~116.27716 USDT for 100 EUR
Andorra-EUR,USDT0 - ( Ink ),You get ~116.27716 USDT0 for 100 EUR
Andorra-EUR,VSC - ( VSC ),No summary
Andorra-EUR,WBTC - ( Linea ),You get ~0.00099 WBTC for 100 EUR
Andorra-EUR,WLD - ( Ethereum ),You get ~100.15874 WLD for 100 EUR
Andorra-EUR,XLM - ( Stellar ),You get ~259.00761 XLM for 100 EUR
Andorra-EUR,XNO - ( Nano ),You get ~116.46591 XNO for 100 EUR
Andorra-EUR,XRD - ( Radix ),You get ~14409.01112 XRD for 100 EUR
Andorra-EUR,XRD - ( Radix ),You get ~14409.01112 XRD for 100 EUR
Andorra-EUR,XRP - ( XRP ),You get ~36.68257 XRP for 100 EUR
Andorra-EUR,ZIL - ( Zilliqa ),No summary
Austria-EUR,AAVE - ( Ethereum ),You get ~0.36564 AAVE for 100 EUR
Austria-EUR,ADA - ( Cardano ),You get ~139.50999 ADA for 100 EUR
Austria-EUR,ALGO - ( Algorand ),You get ~428.43381 ALGO for 100 EUR
Austria-EUR,APT - ( Aptos ),You get ~24.28977 APT for 100 EUR
Austria-EUR,ATOM - ( Cosmos ),You get ~24.64657 ATOM for 100 EUR
Austria-EUR,AVAX - ( Avalanche ),You get ~4.79538 AVAX for 100 EUR
Austria-EUR,AXS - ( Ronin ),No summary
Austria-EUR,AXS - ( Ronin ),No summary
Austria-EUR,BABYDOGE - ( Binance_Smart_Chain ),No summary
Austria-EUR,BCH - ( Bitcoin_Cash ),You get ~0.20787 BCH for 100 EUR
Austria-EUR,BKN - ( Ethereum ),No summary
Austria-EUR,BNB - ( Binance_Smart_Chain ),You get ~0.18681 BNB for 100 EUR
Austria-EUR,BSV - ( Bitcoin_Satoshi_Vision ),No summary
Austria-EUR,BTC - ( Bitcoin ),You get ~0.00090 BTC for 100 EUR
Austria-EUR,CELO - ( Celo ),You get ~328.95065 CELO for 100 EUR
Austria-EUR,CUSD - ( CELO ),You get ~116.30735 CUSD for 100 EUR
Austria-EUR,DAI - ( Binance_Smart_Chain ),No summary
Austria-EUR,DEENAR - ( Haqq ),You get ~1.51751 DEENAR for 100 EUR
Austria-EUR,DOGE - ( Dogecoin ),No summary
Austria-EUR,DOT - ( Polkadot ),You get ~28.21095 DOT for 100 EUR
Austria-EUR,ETH - ( Base ),No summary
Austria-EUR,ETH - ( Optimism ),No summary
Austria-EUR,ETH - ( Ethereum ),You get ~0.03103 ETH for 100 EUR
Austria-EUR,ETH - ( Arbitrum ),You get ~0.03089 ETH for 100 EUR
Austria-EUR,ETH - ( Ink ),You get ~0.03104 ETH for 100 EUR
Austria-EUR,EURC - ( Ethereum ),No summary
Austria-EUR,EURC - ( Ethereum ),No summary
Austria-EUR,FDUSD - ( Ethereum ),No summary
Austria-EUR,FDUSD - ( Binance_Smart_Chain ),No summary
Austria-EUR,FLOW - ( Flow ),You get ~280.01558 FLOW for 100 EUR
Austria-EUR,FTM - ( Fantom ),No summary
Austria-EUR,FUSE - ( Fuse ),You get ~9954.29996 FUSE for 100 EUR
Austria-EUR,GLMR - ( Moonbeam ),You get ~1505.72831 GLMR for 100 EUR
Austria-EUR,HBAR - ( Hedera ),You get ~432.96132 HBAR for 100 EUR
Austria-EUR,IMX - ( Ethereum ),You get ~195.30656 IMX for 100 EUR
Austria-EUR,ISLM - ( Haqq ),You get ~4024.71855 ISLM for 100 EUR
Austria-EUR,KAIA - ( Kaia ),You get ~711.73865 KAIA for 100 EUR
Austria-EUR,KDA - ( Kadena ),You get ~249.26816 KDA for 100 EUR
Austria-EUR,L3USD - ( Polygon ),No summary
Austria-EUR,LIF3 - ( Ethereum ),You get ~33767.91809 LIF3 for 100 EUR
Austria-EUR,LINK - ( Ethereum ),You get ~6.03575 LINK for 100 EUR
Austria-EUR,LTC - ( Litecoin ),You get ~1.36035 LTC for 100 EUR
Austria-EUR,MANA - ( Ethereum ),You get ~349.66695 MANA for 100 EUR
Austria-EUR,NEAR - ( Near ),You get ~40.50457 NEAR for 100 EUR
Austria-EUR,NEIRO - ( Ethereum ),You get ~915.11742 NEIRO for 100 EUR
Austria-EUR,POL - ( Polygon ),You get ~496.97797 POL for 100 EUR
Austria-EUR,POL - ( Ethereum ),You get ~472.40534 POL for 100 EUR
Austria-EUR,PYUSD - ( Ethereum ),You get ~112.71123 PYUSD for 100 EUR
Austria-EUR,RONIN - ( Ronin ),You get ~207.56458 RONIN for 100 EUR
Austria-EUR,RONIN - ( Ronin ),You get ~207.56458 RONIN for 100 EUR
Austria-EUR,S - ( Sonic ),You get ~346.00171 S for 100 EUR
Austria-EUR,SCRT - ( Secret ),You get ~601.34813 SCRT for 100 EUR
Austria-EUR,SHIB - ( Ethereum ),You get ~7831666.66667 SHIB for 100 EUR
Austria-EUR,SLP - ( Ronin ),No summary
Austria-EUR,SLP - ( Ronin ),No summary
Austria-EUR,SOL - ( Solana ),You get ~0.61721 SOL for 100 EUR
Austria-EUR,STETH - ( Ethereum ),You get ~0.03032 STETH for 100 EUR
Austria-EUR,STETH - ( Ethereum ),You get ~0.03032 STETH for 100 EUR
Austria-EUR,SWEAT - ( Near ),You get ~43156.97420 SWEAT for 100 EUR
Austria-EUR,TON - ( TON ),You get ~35.00726 TON for 100 EUR
Austria-EUR,TRX - ( Tron ),You get ~363.10322 TRX for 100 EUR
Austria-EUR,UNI - ( Ethereum ),You get ~10.29605 UNI for 100 EUR
Austria-EUR,USDC - ( Stellar ),No summary
Austria-EUR,USDC - ( Fuse ),You get ~112.60981 USDC for 100 EUR
Austria-EUR,USDC - ( Polygon ),You get ~116.31691 USDC for 100 EUR
Austria-EUR,USDC - ( Solana ),You get ~115.29994 USDC for 100 EUR
Austria-EUR,USDC - ( CELO ),You get ~116.31705 USDC for 100 EUR
Austria-EUR,USDC - ( Algorand ),No summary
Austria-EUR,USDC - ( Linea ),You get ~116.29901 USDC for 100 EUR
Austria-EUR,USDC - ( BASE ),No summary
Austria-EUR,USDC - ( Binance_Smart_Chain ),No summary
Austria-EUR,USDC - ( Ethereum ),You get ~116.26992 USDC for 100 EUR
Austria-EUR,USDP - ( Playnance ),No summary
Austria-EUR,USDP - ( Playnance ),No summary
Austria-EUR,USDT - ( Binance_Smart_Chain ),You get ~115.29994 USDT for 100 EUR
Austria-EUR,USDT - ( Arbitrum ),You get ~115.29994 USDT for 100 EUR
Austria-EUR,USDT - ( Algorand ),No summary
Austria-EUR,USDT - ( Avalanche ),No summary
Austria-EUR,USDT - ( Solana ),You get ~114.79481 USDT for 100 EUR
Austria-EUR,USDT - ( Optimism ),You get ~115.29994 USDT for 100 EUR
Austria-EUR,USDT - ( Ethereum ),You get ~116.21789 USDT for 100 EUR
Austria-EUR,USDT - ( CELO ),You get ~116.27716 USDT for 100 EUR
Austria-EUR,USDT - ( Tron ),You get ~114.79481 USDT for 100 EUR
Austria-EUR,USDT - ( Kaia ),You get ~116.27661 USDT for 100 EUR
Austria-EUR,USDT0 - ( Ink ),You get ~116.27661 USDT0 for 100 EUR
Austria-EUR,VSC - ( VSC ),No summary
Austria-EUR,WBTC - ( Linea ),You get ~0.00099 WBTC for 100 EUR
Austria-EUR,WLD - ( Ethereum ),You get ~100.22728 WLD for 100 EUR
Austria-EUR,XLM - ( Stellar ),You get ~261.38587 XLM for 100 EUR
Austria-EUR,XNO - ( Nano ),You get ~117.37772 XNO for 100 EUR
Austria-EUR,XRD - ( Radix ),You get ~14409.01112 XRD for 100 EUR
Austria-EUR,XRD - ( Radix ),You get ~14409.01112 XRD for 100 EUR
Austria-EUR,XRP - ( XRP ),You get ~36.70276 XRP for 100 EUR
Austria-EUR,ZIL - ( Zilliqa ),No summary
Belgium-EUR,AAVE - ( Ethereum ),You get ~0.36592 AAVE for 100 EUR
Belgium-EUR,ADA - ( Cardano ),You get ~139.51178 ADA for 100 EUR
Belgium-EUR,ALGO - ( Algorand ),You get ~428.43941 ALGO for 100 EUR
Belgium-EUR,APT - ( Aptos ),You get ~24.31407 APT for 100 EUR
Belgium-EUR,ATOM - ( Cosmos ),You get ~24.64689 ATOM for 100 EUR
Belgium-EUR,AVAX - ( Avalanche ),You get ~4.79544 AVAX for 100 EUR
Belgium-EUR,AXS - ( Ronin ),No summary
Belgium-EUR,AXS - ( Ronin ),No summary
Belgium-EUR,BABYDOGE - ( Binance_Smart_Chain ),No summary
Belgium-EUR,BCH - ( Bitcoin_Cash ),You get ~0.20811 BCH for 100 EUR
Belgium-EUR,BKN - ( Ethereum ),No summary
Belgium-EUR,BNB - ( Binance_Smart_Chain ),You get ~0.18681 BNB for 100 EUR
Belgium-EUR,BSV - ( Bitcoin_Satoshi_Vision ),No summary
Belgium-EUR,BTC - ( Bitcoin ),You get ~0.00090 BTC for 100 EUR
Belgium-EUR,CELO - ( Celo ),You get ~329.38844 CELO for 100 EUR
Belgium-EUR,CUSD - ( CELO ),You get ~116.35382 CUSD for 100 EUR
Belgium-EUR,DAI - ( Binance_Smart_Chain ),No summary
Belgium-EUR,DEENAR - ( Haqq ),You get ~1.51744 DEENAR for 100 EUR
Belgium-EUR,DOGE - ( Dogecoin ),You get ~487.08714 DOGE for 100 EUR
Belgium-EUR,DOT - ( Polkadot ),You get ~28.20980 DOT for 100 EUR
Belgium-EUR,ETH - ( Base ),No summary
Belgium-EUR,ETH - ( Optimism ),No summary
Belgium-EUR,ETH - ( Ethereum ),You get ~0.03107 ETH for 100 EUR
Belgium-EUR,ETH - ( Arbitrum ),You get ~0.03092 ETH for 100 EUR
Belgium-EUR,ETH - ( Ink ),You get ~0.03108 ETH for 100 EUR
Belgium-EUR,EURC - ( Ethereum ),No summary
Belgium-EUR,EURC - ( Ethereum ),No summary
Belgium-EUR,FDUSD - ( Ethereum ),No summary
Belgium-EUR,FDUSD - ( Binance_Smart_Chain ),No summary
Belgium-EUR,FLOW - ( Flow ),You get ~280.13986 FLOW for 100 EUR
Belgium-EUR,FTM - ( Fantom ),No summary
Belgium-EUR,FUSE - ( Fuse ),You get ~10055.58469 FUSE for 100 EUR
Belgium-EUR,GLMR - ( Moonbeam ),You get ~1505.65922 GLMR for 100 EUR
Belgium-EUR,HBAR - ( Hedera ),You get ~432.94414 HBAR for 100 EUR
Belgium-EUR,IMX - ( Ethereum ),You get ~195.26424 IMX for 100 EUR
Belgium-EUR,ISLM - ( Haqq ),You get ~4024.39024 ISLM for 100 EUR
Belgium-EUR,KAIA - ( Kaia ),You get ~712.13800 KAIA for 100 EUR
Belgium-EUR,KDA - ( Kadena ),You get ~249.20092 KDA for 100 EUR
Belgium-EUR,L3USD - ( Polygon ),No summary
Belgium-EUR,LIF3 - ( Ethereum ),You get ~33756.39713 LIF3 for 100 EUR
Belgium-EUR,LINK - ( Ethereum ),You get ~6.03543 LINK for 100 EUR
Belgium-EUR,LTC - ( Litecoin ),You get ~1.36027 LTC for 100 EUR
Belgium-EUR,MANA - ( Ethereum ),You get ~350.20539 MANA for 100 EUR
Belgium-EUR,NEAR - ( Near ),You get ~40.58770 NEAR for 100 EUR
Belgium-EUR,NEIRO - ( Ethereum ),You get ~904.82115 NEIRO for 100 EUR
Belgium-EUR,POL - ( Polygon ),You get ~497.35997 POL for 100 EUR
Belgium-EUR,POL - ( Ethereum ),You get ~472.83333 POL for 100 EUR
Belgium-EUR,PYUSD - ( Ethereum ),You get ~112.70513 PYUSD for 100 EUR
Belgium-EUR,RONIN - ( Ronin ),You get ~207.66472 RONIN for 100 EUR
Belgium-EUR,RONIN - ( Ronin ),You get ~207.66472 RONIN for 100 EUR
Belgium-EUR,S - ( Sonic ),You get ~347.47091 S for 100 EUR
Belgium-EUR,SCRT - ( Secret ),You get ~600.38038 SCRT for 100 EUR
Belgium-EUR,SHIB - ( Ethereum ),You get ~7831666.66667 SHIB for 100 EUR
Belgium-EUR,SLP - ( Ronin ),No summary
Belgium-EUR,SLP - ( Ronin ),No summary
Belgium-EUR,SOL - ( Solana ),You get ~0.61658 SOL for 100 EUR
Belgium-EUR,STETH - ( Ethereum ),You get ~0.03031 STETH for 100 EUR
Belgium-EUR,STETH - ( Ethereum ),You get ~0.03031 STETH for 100 EUR
Belgium-EUR,SWEAT - ( Near ),You get ~43156.97420 SWEAT for 100 EUR
Belgium-EUR,TON - ( TON ),You get ~35.03931 TON for 100 EUR
Belgium-EUR,TRX - ( Tron ),You get ~362.93567 TRX for 100 EUR
Belgium-EUR,UNI - ( Ethereum ),You get ~10.28378 UNI for 100 EUR
Belgium-EUR,USDC - ( Stellar ),No summary
Belgium-EUR,USDC - ( Fuse ),You get ~112.60372 USDC for 100 EUR
Belgium-EUR,USDC - ( Polygon ),You get ~116.30625 USDC for 100 EUR
Belgium-EUR,USDC - ( Solana ),You get ~115.29371 USDC for 100 EUR
Belgium-EUR,USDC - ( CELO ),You get ~116.31309 USDC for 100 EUR
Belgium-EUR,USDC - ( Algorand ),No summary
Belgium-EUR,USDC - ( Linea ),You get ~116.29300 USDC for 100 EUR
Belgium-EUR,USDC - ( BASE ),No summary
Belgium-EUR,USDC - ( Binance_Smart_Chain ),No summary
Belgium-EUR,USDC - ( Ethereum ),You get ~116.25790 USDC for 100 EUR
Belgium-EUR,USDP - ( Playnance ),No summary
Belgium-EUR,USDP - ( Playnance ),No summary
Belgium-EUR,USDT - ( Binance_Smart_Chain ),You get ~115.29805 USDT for 100 EUR
Belgium-EUR,USDT - ( Arbitrum ),You get ~115.29805 USDT for 100 EUR
Belgium-EUR,USDT - ( Algorand ),No summary
Belgium-EUR,USDT - ( Avalanche ),No summary
Belgium-EUR,USDT - ( Solana ),You get ~114.79292 USDT for 100 EUR
Belgium-EUR,USDT - ( Optimism ),You get ~115.29805 USDT for 100 EUR
Belgium-EUR,USDT - ( Ethereum ),You get ~116.21611 USDT for 100 EUR
Belgium-EUR,USDT - ( CELO ),You get ~116.27552 USDT for 100 EUR
Belgium-EUR,USDT - ( Tron ),You get ~114.79292 USDT for 100 EUR
Belgium-EUR,USDT - ( Kaia ),You get ~116.27484 USDT for 100 EUR
Belgium-EUR,USDT0 - ( Ink ),You get ~116.27484 USDT0 for 100 EUR
Belgium-EUR,VSC - ( VSC ),No summary
Belgium-EUR,WBTC - ( Linea ),You get ~0.00099 WBTC for 100 EUR
Belgium-EUR,WLD - ( Ethereum ),You get ~100.17749 WLD for 100 EUR
Belgium-EUR,XLM - ( Stellar ),You get ~261.67781 XLM for 100 EUR
Belgium-EUR,XNO - ( Nano ),You get ~117.19745 XNO for 100 EUR
Belgium-EUR,XRD - ( Radix ),You get ~14409.01112 XRD for 100 EUR
Belgium-EUR,XRD - ( Radix ),You get ~14409.01112 XRD for 100 EUR
Belgium-EUR,XRP - ( XRP ),You get ~36.60876 XRP for 100 EUR
Belgium-EUR,ZIL - ( Zilliqa ),No summary
Bulgaria-EUR,AAVE - ( Ethereum ),You get ~0.36416 AAVE for 100 EUR
Bulgaria-EUR,ADA - ( Cardano ),You get ~139.37411 ADA for 100 EUR
Bulgaria-EUR,ALGO - ( Algorand ),You get ~428.43194 ALGO for 100 EUR
Bulgaria-EUR,APT - ( Aptos ),You get ~24.23221 APT for 100 EUR
Bulgaria-EUR,ATOM - ( Cosmos ),You get ~24.64648 ATOM for 100 EUR
Bulgaria-EUR,AVAX - ( Avalanche ),You get ~4.79536 AVAX for 100 EUR
Bulgaria-EUR,AXS - ( Ronin ),No summary
Bulgaria-EUR,AXS - ( Ronin ),No summary
Bulgaria-EUR,BABYDOGE - ( Binance_Smart_Chain ),No summary
Bulgaria-EUR,BCH - ( Bitcoin_Cash ),You get ~0.20811 BCH for 100 EUR
Bulgaria-EUR,BKN - ( Ethereum ),No summary
Bulgaria-EUR,BNB - ( Binance_Smart_Chain ),You get ~0.18681 BNB for 100 EUR
Bulgaria-EUR,BSV - ( Bitcoin_Satoshi_Vision ),No summary
Bulgaria-EUR,BTC - ( Bitcoin ),You get ~0.00090 BTC for 100 EUR
Bulgaria-EUR,CELO - ( Celo ),You get ~328.60780 CELO for 100 EUR
Bulgaria-EUR,CUSD - ( CELO ),You get ~116.20182 CUSD for 100 EUR
Bulgaria-EUR,DAI - ( Binance_Smart_Chain ),No summary
Bulgaria-EUR,DEENAR - ( Haqq ),You get ~1.51750 DEENAR for 100 EUR
Bulgaria-EUR,DOGE - ( Dogecoin ),You get ~486.22478 DOGE for 100 EUR
Bulgaria-EUR,DOT - ( Polkadot ),You get ~28.21085 DOT for 100 EUR
Bulgaria-EUR,ETH - ( Base ),No summary
Bulgaria-EUR,ETH - ( Optimism ),No summary
Bulgaria-EUR,ETH - ( Ethereum ),You get ~0.03105 ETH for 100 EUR
Bulgaria-EUR,ETH - ( Arbitrum ),You get ~0.03085 ETH for 100 EUR
Bulgaria-EUR,ETH - ( Ink ),You get ~0.03106 ETH for 100 EUR
Bulgaria-EUR,EURC - ( Ethereum ),No summary
Bulgaria-EUR,EURC - ( Ethereum ),No summary
Bulgaria-EUR,FDUSD - ( Ethereum ),No summary
Bulgaria-EUR,FDUSD - ( Binance_Smart_Chain ),No summary
Bulgaria-EUR,FLOW - ( Flow ),You get ~279.81109 FLOW for 100 EUR
Bulgaria-EUR,FTM - ( Fantom ),No summary
Bulgaria-EUR,FUSE - ( Fuse ),You get ~9972.94766 FUSE for 100 EUR
Bulgaria-EUR,GLMR - ( Moonbeam ),You get ~1509.80723 GLMR for 100 EUR
Bulgaria-EUR,HBAR - ( Hedera ),You get ~432.96132 HBAR for 100 EUR
Bulgaria-EUR,IMX - ( Ethereum ),You get ~195.04306 IMX for 100 EUR
Bulgaria-EUR,ISLM - ( Haqq ),You get ~4027.34694 ISLM for 100 EUR
Bulgaria-EUR,KAIA - ( Kaia ),You get ~713.47752 KAIA for 100 EUR
Bulgaria-EUR,KDA - ( Kadena ),You get ~248.99694 KDA for 100 EUR
Bulgaria-EUR,L3USD - ( Polygon ),No summary
Bulgaria-EUR,LIF3 - ( Ethereum ),You get ~33767.91809 LIF3 for 100 EUR
Bulgaria-EUR,LINK - ( Ethereum ),You get ~6.03566 LINK for 100 EUR
Bulgaria-EUR,LTC - ( Litecoin ),You get ~1.36032 LTC for 100 EUR
Bulgaria-EUR,MANA - ( Ethereum ),No summary
Bulgaria-EUR,NEAR - ( Near ),You get ~40.58921 NEAR for 100 EUR
Bulgaria-EUR,NEIRO - ( Ethereum ),You get ~904.85605 NEIRO for 100 EUR
Bulgaria-EUR,POL - ( Polygon ),You get ~497.00542 POL for 100 EUR
Bulgaria-EUR,POL - ( Ethereum ),You get ~472.39822 POL for 100 EUR
Bulgaria-EUR,PYUSD - ( Ethereum ),You get ~112.70937 PYUSD for 100 EUR
Bulgaria-EUR,RONIN - ( Ronin ),You get ~207.63510 RONIN for 100 EUR
Bulgaria-EUR,RONIN - ( Ronin ),You get ~207.63510 RONIN for 100 EUR
Bulgaria-EUR,S - ( Sonic ),You get ~347.48437 S for 100 EUR
Bulgaria-EUR,SCRT - ( Secret ),You get ~600.40234 SCRT for 100 EUR
Bulgaria-EUR,SHIB - ( Ethereum ),You get ~7831666.66667 SHIB for 100 EUR
Bulgaria-EUR,SLP - ( Ronin ),No summary
Bulgaria-EUR,SLP - ( Ronin ),No summary
Bulgaria-EUR,SOL - ( Solana ),You get ~0.61658 SOL for 100 EUR
Bulgaria-EUR,STETH - ( Ethereum ),You get ~0.03032 STETH for 100 EUR
Bulgaria-EUR,STETH - ( Ethereum ),You get ~0.03032 STETH for 100 EUR
Bulgaria-EUR,SWEAT - ( Near ),You get ~43156.97420 SWEAT for 100 EUR
Bulgaria-EUR,TON - ( TON ),You get ~35.13032 TON for 100 EUR
Bulgaria-EUR,TRX - ( Tron ),You get ~363.05897 TRX for 100 EUR
Bulgaria-EUR,UNI - ( Ethereum ),You get ~10.28054 UNI for 100 EUR
Bulgaria-EUR,USDC - ( Stellar ),No summary
Bulgaria-EUR,USDC - ( Fuse ),You get ~112.61007 USDC for 100 EUR
Bulgaria-EUR,USDC - ( Polygon ),You get ~116.31186 USDC for 100 EUR
Bulgaria-EUR,USDC - ( Solana ),You get ~115.30021 USDC for 100 EUR
Bulgaria-EUR,USDC - ( CELO ),You get ~116.31418 USDC for 100 EUR
Bulgaria-EUR,USDC - ( Algorand ),No summary
Bulgaria-EUR,USDC - ( Linea ),You get ~116.29997 USDC for 100 EUR
Bulgaria-EUR,USDC - ( BASE ),No summary
Bulgaria-EUR,USDC - ( Binance_Smart_Chain ),No summary
Bulgaria-EUR,USDC - ( Ethereum ),No summary
Bulgaria-EUR,USDP - ( Playnance ),No summary
Bulgaria-EUR,USDP - ( Playnance ),No summary
Bulgaria-EUR,USDT - ( Binance_Smart_Chain ),You get ~115.30021 USDT for 100 EUR
Bulgaria-EUR,USDT - ( Arbitrum ),You get ~115.30021 USDT for 100 EUR
Bulgaria-EUR,USDT - ( Algorand ),No summary
Bulgaria-EUR,USDT - ( Avalanche ),No summary
Bulgaria-EUR,USDT - ( Solana ),You get ~114.79508 USDT for 100 EUR
Bulgaria-EUR,USDT - ( Optimism ),You get ~115.30021 USDT for 100 EUR
Bulgaria-EUR,USDT - ( Ethereum ),You get ~116.21870 USDT for 100 EUR
Bulgaria-EUR,USDT - ( CELO ),You get ~116.27757 USDT for 100 EUR
Bulgaria-EUR,USDT - ( Tron ),You get ~114.79508 USDT for 100 EUR
Bulgaria-EUR,USDT - ( Kaia ),You get ~116.27743 USDT for 100 EUR
Bulgaria-EUR,USDT0 - ( Ink ),You get ~116.27688 USDT0 for 100 EUR
Bulgaria-EUR,VSC - ( VSC ),No summary
Bulgaria-EUR,WBTC - ( Linea ),You get ~0.00099 WBTC for 100 EUR
Bulgaria-EUR,WLD - ( Ethereum ),You get ~100.08350 WLD for 100 EUR
Bulgaria-EUR,XLM - ( Stellar ),You get ~261.68269 XLM for 100 EUR
Bulgaria-EUR,XNO - ( Nano ),You get ~117.19955 XNO for 100 EUR
Bulgaria-EUR,XRD - ( Radix ),You get ~14409.01112 XRD for 100 EUR
Bulgaria-EUR,XRD - ( Radix ),You get ~14409.01112 XRD for 100 EUR
Bulgaria-EUR,XRP - ( XRP ),You get ~36.55166 XRP for 100 EUR
Bulgaria-EUR,ZIL - ( Zilliqa ),No summary
Croatia-EUR,AAVE - ( Ethereum ),You get ~0.36342 AAVE for 100 EUR
Croatia-EUR,ADA - ( Cardano ),You get ~139.47833 ADA for 100 EUR
Croatia-EUR,ALGO - ( Algorand ),You get ~428.43941 ALGO for 100 EUR
Croatia-EUR,APT - ( Aptos ),You get ~24.23825 APT for 100 EUR
Croatia-EUR,ATOM - ( Cosmos ),You get ~24.64694 ATOM for 100 EUR
Croatia-EUR,AVAX - ( Avalanche ),You get ~4.79545 AVAX for 100 EUR
Croatia-EUR,AXS - ( Ronin ),No summary
Croatia-EUR,AXS - ( Ronin ),No summary
Croatia-EUR,BABYDOGE - ( Binance_Smart_Chain ),No summary
Croatia-EUR,BCH - ( Bitcoin_Cash ),You get ~0.20812 BCH for 100 EUR
Croatia-EUR,BKN - ( Ethereum ),No summary
Croatia-EUR,BNB - ( Binance_Smart_Chain ),You get ~0.18681 BNB for 100 EUR
Croatia-EUR,BSV - ( Bitcoin_Satoshi_Vision ),No summary
Croatia-EUR,BTC - ( Bitcoin ),You get ~0.00090 BTC for 100 EUR
Croatia-EUR,CELO - ( Celo ),You get ~328.58817 CELO for 100 EUR
Croatia-EUR,CUSD - ( CELO ),You get ~116.25709 CUSD for 100 EUR
Croatia-EUR,DAI - ( Binance_Smart_Chain ),No summary
Croatia-EUR,DEENAR - ( Haqq ),You get ~1.51753 DEENAR for 100 EUR
Croatia-EUR,DOGE - ( Dogecoin ),You get ~486.23440 DOGE for 100 EUR
Croatia-EUR,DOT - ( Polkadot ),You get ~28.21138 DOT for 100 EUR
Croatia-EUR,ETH - ( Base ),No summary
Croatia-EUR,ETH - ( Optimism ),No summary
Croatia-EUR,ETH - ( Ethereum ),You get ~0.03104 ETH for 100 EUR
Croatia-EUR,ETH - ( Arbitrum ),You get ~0.03081 ETH for 100 EUR
Croatia-EUR,ETH - ( Ink ),You get ~0.03104 ETH for 100 EUR
Croatia-EUR,EURC - ( Ethereum ),No summary
Croatia-EUR,EURC - ( Ethereum ),No summary
Croatia-EUR,FDUSD - ( Ethereum ),No summary
Croatia-EUR,FDUSD - ( Binance_Smart_Chain ),No summary
Croatia-EUR,FLOW - ( Flow ),You get ~280.01957 FLOW for 100 EUR
Croatia-EUR,FTM - ( Fantom ),No summary
Croatia-EUR,FUSE - ( Fuse ),You get ~10056.63940 FUSE for 100 EUR
Croatia-EUR,GLMR - ( Moonbeam ),You get ~1509.83038 GLMR for 100 EUR
Croatia-EUR,HBAR - ( Hedera ),You get ~432.96896 HBAR for 100 EUR
Croatia-EUR,IMX - ( Ethereum ),You get ~194.75607 IMX for 100 EUR
Croatia-EUR,ISLM - ( Haqq ),You get ~4024.39024 ISLM for 100 EUR
Croatia-EUR,KAIA - ( Kaia ),You get ~712.29683 KAIA for 100 EUR
Croatia-EUR,KDA - ( Kadena ),You get ~248.71629 KDA for 100 EUR
Croatia-EUR,L3USD - ( Polygon ),No summary
Croatia-EUR,LIF3 - ( Ethereum ),You get ~33756.39713 LIF3 for 100 EUR
Croatia-EUR,LINK - ( Ethereum ),You get ~6.03467 LINK for 100 EUR
Croatia-EUR,LTC - ( Litecoin ),You get ~1.36025 LTC for 100 EUR
Croatia-EUR,MANA - ( Ethereum ),You get ~350.18718 MANA for 100 EUR
Croatia-EUR,NEAR - ( Near ),You get ~40.58694 NEAR for 100 EUR
Croatia-EUR,NEIRO - ( Ethereum ),You get ~896.96007 NEIRO for 100 EUR
Croatia-EUR,POL - ( Polygon ),You get ~496.62645 POL for 100 EUR
Croatia-EUR,POL - ( Ethereum ),You get ~471.56421 POL for 100 EUR
Croatia-EUR,PYUSD - ( Ethereum ),You get ~112.70301 PYUSD for 100 EUR
Croatia-EUR,RONIN - ( Ronin ),You get ~207.58634 RONIN for 100 EUR
Croatia-EUR,RONIN - ( Ronin ),You get ~207.58634 RONIN for 100 EUR
Croatia-EUR,S - ( Sonic ),You get ~347.46479 S for 100 EUR
Croatia-EUR,SCRT - ( Secret ),You get ~600.36940 SCRT for 100 EUR
Croatia-EUR,SHIB - ( Ethereum ),You get ~7831666.66667 SHIB for 100 EUR
Croatia-EUR,SLP - ( Ronin ),No summary
Croatia-EUR,SLP - ( Ronin ),No summary
Croatia-EUR,SOL - ( Solana ),You get ~0.61580 SOL for 100 EUR
Croatia-EUR,STETH - ( Ethereum ),You get ~0.03027 STETH for 100 EUR
Croatia-EUR,STETH - ( Ethereum ),You get ~0.03027 STETH for 100 EUR
Croatia-EUR,SWEAT - ( Near ),You get ~43156.97420 SWEAT for 100 EUR
Croatia-EUR,TON - ( TON ),You get ~35.11487 TON for 100 EUR
Croatia-EUR,TRX - ( Tron ),You get ~362.95175 TRX for 100 EUR
Croatia-EUR,UNI - ( Ethereum ),You get ~10.28133 UNI for 100 EUR
Croatia-EUR,USDC - ( Stellar ),No summary
Croatia-EUR,USDC - ( Fuse ),You get ~112.60161 USDC for 100 EUR
Croatia-EUR,USDC - ( Polygon ),You get ~116.30407 USDC for 100 EUR
Croatia-EUR,USDC - ( Solana ),You get ~115.29155 USDC for 100 EUR
Croatia-EUR,USDC - ( CELO ),You get ~116.30625 USDC for 100 EUR
Croatia-EUR,USDC - ( Algorand ),No summary
Croatia-EUR,USDC - ( Linea ),You get ~116.29901 USDC for 100 EUR
Croatia-EUR,USDC - ( BASE ),No summary
Croatia-EUR,USDC - ( Binance_Smart_Chain ),No summary
Croatia-EUR,USDC - ( Ethereum ),You get ~116.25667 USDC for 100 EUR
Croatia-EUR,USDP - ( Playnance ),No summary
Croatia-EUR,USDP - ( Playnance ),No summary
Croatia-EUR,USDT - ( Binance_Smart_Chain ),You get ~115.29155 USDT for 100 EUR
Croatia-EUR,USDT - ( Arbitrum ),You get ~115.29155 USDT for 100 EUR
Croatia-EUR,USDT - ( Algorand ),No summary
Croatia-EUR,USDT - ( Avalanche ),No summary
Croatia-EUR,USDT - ( Solana ),You get ~114.78645 USDT for 100 EUR
Croatia-EUR,USDT - ( Optimism ),You get ~115.29155 USDT for 100 EUR
Croatia-EUR,USDT - ( Ethereum ),You get ~116.19932 USDT for 100 EUR
Croatia-EUR,USDT - ( CELO ),You get ~116.26978 USDT for 100 EUR
Croatia-EUR,USDT - ( Tron ),You get ~114.78645 USDT for 100 EUR
Croatia-EUR,USDT - ( Kaia ),You get ~116.26910 USDT for 100 EUR
Croatia-EUR,USDT0 - ( Ink ),You get ~116.26924 USDT0 for 100 EUR
Croatia-EUR,VSC - ( VSC ),No summary
Croatia-EUR,WBTC - ( Linea ),You get ~0.00099 WBTC for 100 EUR
Croatia-EUR,WLD - ( Ethereum ),You get ~100.01303 WLD for 100 EUR
Croatia-EUR,XLM - ( Stellar ),You get ~260.18738 XLM for 100 EUR
Croatia-EUR,XNO - ( Nano ),You get ~116.75293 XNO for 100 EUR
Croatia-EUR,XRD - ( Radix ),You get ~14409.01112 XRD for 100 EUR
Croatia-EUR,XRD - ( Radix ),You get ~14409.01112 XRD for 100 EUR
Croatia-EUR,XRP - ( XRP ),You get ~36.48809 XRP for 100 EUR
Croatia-EUR,ZIL - ( Zilliqa ),No summary
Cyprus-EUR,AAVE - ( Ethereum ),You get ~0.36317 AAVE for 100 EUR
Cyprus-EUR,ADA - ( Cardano ),You get ~139.46778 ADA for 100 EUR
Cyprus-EUR,ALGO - ( Algorand ),You get ~428.40767 ALGO for 100 EUR
Cyprus-EUR,APT - ( Aptos ),You get ~24.24049 APT for 100 EUR
Cyprus-EUR,ATOM - ( Cosmos ),You get ~24.64510 ATOM for 100 EUR
Cyprus-EUR,AVAX - ( Avalanche ),You get ~4.79509 AVAX for 100 EUR
Cyprus-EUR,AXS - ( Ronin ),No summary
Cyprus-EUR,AXS - ( Ronin ),No summary
Cyprus-EUR,BABYDOGE - ( Binance_Smart_Chain ),No summary
Cyprus-EUR,BCH - ( Bitcoin_Cash ),You get ~0.20810 BCH for 100 EUR
Cyprus-EUR,BKN - ( Ethereum ),No summary
Cyprus-EUR,BNB - ( Binance_Smart_Chain ),You get ~0.18680 BNB for 100 EUR
Cyprus-EUR,BSV - ( Bitcoin_Satoshi_Vision ),No summary
Cyprus-EUR,BTC - ( Bitcoin ),You get ~0.00090 BTC for 100 EUR
Cyprus-EUR,CELO - ( Celo ),You get ~328.32010 CELO for 100 EUR
Cyprus-EUR,CUSD - ( CELO ),You get ~116.22597 CUSD for 100 EUR
Cyprus-EUR,DAI - ( Binance_Smart_Chain ),No summary
Cyprus-EUR,DEENAR - ( Haqq ),You get ~1.51749 DEENAR for 100 EUR
Cyprus-EUR,DOGE - ( Dogecoin ),You get ~486.21998 DOGE for 100 EUR
Cyprus-EUR,DOT - ( Polkadot ),You get ~28.19001 DOT for 100 EUR
Cyprus-EUR,ETH - ( Base ),No summary
Cyprus-EUR,ETH - ( Optimism ),No summary
Cyprus-EUR,ETH - ( Ethereum ),You get ~0.03102 ETH for 100 EUR
Cyprus-EUR,ETH - ( Arbitrum ),You get ~0.03082 ETH for 100 EUR
Cyprus-EUR,ETH - ( Ink ),You get ~0.03102 ETH for 100 EUR
Cyprus-EUR,EURC - ( Ethereum ),No summary
Cyprus-EUR,EURC - ( Ethereum ),No summary
Cyprus-EUR,FDUSD - ( Ethereum ),No summary
Cyprus-EUR,FDUSD - ( Binance_Smart_Chain ),No summary
Cyprus-EUR,FLOW - ( Flow ),You get ~280.35122 FLOW for 100 EUR
Cyprus-EUR,FTM - ( Fantom ),No summary
Cyprus-EUR,FUSE - ( Fuse ),You get ~9982.29536 FUSE for 100 EUR
Cyprus-EUR,GLMR - ( Moonbeam ),You get ~1505.70528 GLMR for 100 EUR
Cyprus-EUR,HBAR - ( Hedera ),You get ~428.74486 HBAR for 100 EUR
Cyprus-EUR,IMX - ( Ethereum ),You get ~194.64144 IMX for 100 EUR
Cyprus-EUR,ISLM - ( Haqq ),You get ~4027.34694 ISLM for 100 EUR
Cyprus-EUR,KAIA - ( Kaia ),You get ~713.38498 KAIA for 100 EUR
Cyprus-EUR,KDA - ( Kadena ),You get ~248.51497 KDA for 100 EUR
Cyprus-EUR,L3USD - ( Polygon ),No summary
Cyprus-EUR,LIF3 - ( Ethereum ),You get ~33756.39713 LIF3 for 100 EUR
Cyprus-EUR,LINK - ( Ethereum ),You get ~6.03561 LINK for 100 EUR
Cyprus-EUR,LTC - ( Litecoin ),You get ~1.36031 LTC for 100 EUR
Cyprus-EUR,MANA - ( Ethereum ),You get ~349.33915 MANA for 100 EUR
Cyprus-EUR,NEAR - ( Near ),You get ~40.58889 NEAR for 100 EUR
Cyprus-EUR,NEIRO - ( Ethereum ),You get ~894.72479 NEIRO for 100 EUR
Cyprus-EUR,POL - ( Polygon ),You get ~496.32519 POL for 100 EUR
Cyprus-EUR,POL - ( Ethereum ),You get ~470.93300 POL for 100 EUR
Cyprus-EUR,PYUSD - ( Ethereum ),You get ~112.70845 PYUSD for 100 EUR
Cyprus-EUR,RONIN - ( Ronin ),You get ~207.63379 RONIN for 100 EUR
Cyprus-EUR,RONIN - ( Ronin ),You get ~207.63379 RONIN for 100 EUR
Cyprus-EUR,S - ( Sonic ),You get ~345.78709 S for 100 EUR
Cyprus-EUR,SCRT - ( Secret ),You get ~600.39868 SCRT for 100 EUR
Cyprus-EUR,SHIB - ( Ethereum ),You get ~7831666.66667 SHIB for 100 EUR
Cyprus-EUR,SLP - ( Ronin ),No summary
Cyprus-EUR,SLP - ( Ronin ),No summary
Cyprus-EUR,SOL - ( Solana ),You get ~0.61458 SOL for 100 EUR
Cyprus-EUR,STETH - ( Ethereum ),You get ~0.03027 STETH for 100 EUR
Cyprus-EUR,STETH - ( Ethereum ),You get ~0.03027 STETH for 100 EUR
Cyprus-EUR,SWEAT - ( Near ),You get ~43156.97420 SWEAT for 100 EUR
Cyprus-EUR,TON - ( TON ),You get ~35.12232 TON for 100 EUR
Cyprus-EUR,TRX - ( Tron ),You get ~363.02680 TRX for 100 EUR
Cyprus-EUR,UNI - ( Ethereum ),You get ~10.26979 UNI for 100 EUR
Cyprus-EUR,USDC - ( Stellar ),No summary
Cyprus-EUR,USDC - ( Fuse ),You get ~112.60703 USDC for 100 EUR
Cyprus-EUR,USDC - ( Polygon ),You get ~116.30817 USDC for 100 EUR
Cyprus-EUR,USDC - ( Solana ),You get ~115.29710 USDC for 100 EUR
Cyprus-EUR,USDC - ( CELO ),You get ~116.30612 USDC for 100 EUR
Cyprus-EUR,USDC - ( Algorand ),No summary
Cyprus-EUR,USDC - ( Linea ),You get ~116.29560 USDC for 100 EUR
Cyprus-EUR,USDC - ( BASE ),No summary
Cyprus-EUR,USDC - ( Binance_Smart_Chain ),No summary
Cyprus-EUR,USDC - ( Ethereum ),You get ~116.26117 USDC for 100 EUR
Cyprus-EUR,USDP - ( Playnance ),No summary
Cyprus-EUR,USDP - ( Playnance ),No summary
Cyprus-EUR,USDT - ( Binance_Smart_Chain ),You get ~115.29710 USDT for 100 EUR
Cyprus-EUR,USDT - ( Arbitrum ),You get ~115.29710 USDT for 100 EUR
Cyprus-EUR,USDT - ( Algorand ),No summary
Cyprus-EUR,USDT - ( Avalanche ),No summary
Cyprus-EUR,USDT - ( Solana ),You get ~114.79198 USDT for 100 EUR
Cyprus-EUR,USDT - ( Optimism ),You get ~115.29710 USDT for 100 EUR
Cyprus-EUR,USDT - ( Ethereum ),You get ~116.20368 USDT for 100 EUR
Cyprus-EUR,USDT - ( CELO ),You get ~116.27484 USDT for 100 EUR
Cyprus-EUR,USDT - ( Tron ),You get ~114.79198 USDT for 100 EUR
Cyprus-EUR,USDT - ( Kaia ),You get ~116.27484 USDT for 100 EUR
Cyprus-EUR,USDT0 - ( Ink ),You get ~116.27484 USDT0 for 100 EUR
Cyprus-EUR,VSC - ( VSC ),No summary
Cyprus-EUR,WBTC - ( Linea ),You get ~0.00098 WBTC for 100 EUR
Cyprus-EUR,WLD - ( Ethereum ),You get ~100.01061 WLD for 100 EUR
Cyprus-EUR,XLM - ( Stellar ),You get ~259.47729 XLM for 100 EUR
Cyprus-EUR,XNO - ( Nano ),You get ~116.76152 XNO for 100 EUR
Cyprus-EUR,XRD - ( Radix ),You get ~14409.01112 XRD for 100 EUR
Cyprus-EUR,XRD - ( Radix ),You get ~14409.01112 XRD for 100 EUR
Cyprus-EUR,XRP - ( XRP ),You get ~36.40289 XRP for 100 EUR
Cyprus-EUR,ZIL - ( Zilliqa ),No summary
Czechia-EUR,AAVE - ( Ethereum ),You get ~0.36330 AAVE for 100 EUR
Czechia-EUR,ADA - ( Cardano ),You get ~139.17367 ADA for 100 EUR
Czechia-EUR,ALGO - ( Algorand ),You get ~428.43941 ALGO for 100 EUR
Czechia-EUR,APT - ( Aptos ),You get ~24.18046 APT for 100 EUR
Czechia-EUR,ATOM - ( Cosmos ),You get ~24.69424 ATOM for 100 EUR
Czechia-EUR,AVAX - ( Avalanche ),You get ~4.79544 AVAX for 100 EUR
Czechia-EUR,AXS - ( Ronin ),No summary
Czechia-EUR,AXS - ( Ronin ),No summary
Czechia-EUR,BABYDOGE - ( Binance_Smart_Chain ),No summary
Czechia-EUR,BCH - ( Bitcoin_Cash ),You get ~0.20811 BCH for 100 EUR
Czechia-EUR,BKN - ( Ethereum ),No summary
Czechia-EUR,BNB - ( Binance_Smart_Chain ),You get ~0.18681 BNB for 100 EUR
Czechia-EUR,BSV - ( Bitcoin_Satoshi_Vision ),No summary
Czechia-EUR,BTC - ( Bitcoin ),You get ~0.00090 BTC for 100 EUR
Czechia-EUR,CELO - ( Celo ),You get ~327.93727 CELO for 100 EUR
Czechia-EUR,CUSD - ( CELO ),You get ~116.13421 CUSD for 100 EUR
Czechia-EUR,DAI - ( Binance_Smart_Chain ),No summary
Czechia-EUR,DEENAR - ( Haqq ),You get ~1.51753 DEENAR for 100 EUR
Czechia-EUR,DOGE - ( Dogecoin ),You get ~484.03216 DOGE for 100 EUR
Czechia-EUR,DOT - ( Polkadot ),You get ~28.19071 DOT for 100 EUR
Czechia-EUR,ETH - ( Base ),No summary
Czechia-EUR,ETH - ( Optimism ),No summary
Czechia-EUR,ETH - ( Ethereum ),You get ~0.03099 ETH for 100 EUR
Czechia-EUR,ETH - ( Arbitrum ),You get ~0.03076 ETH for 100 EUR
Czechia-EUR,ETH - ( Ink ),You get ~0.03101 ETH for 100 EUR
Czechia-EUR,EURC - ( Ethereum ),No summary
Czechia-EUR,EURC - ( Ethereum ),No summary
Czechia-EUR,FDUSD - ( Ethereum ),No summary
Czechia-EUR,FDUSD - ( Binance_Smart_Chain ),No summary
Czechia-EUR,FLOW - ( Flow ),You get ~279.68075 FLOW for 100 EUR
Czechia-EUR,FTM - ( Fantom ),No summary
Czechia-EUR,FUSE - ( Fuse ),You get ~10037.69239 FUSE for 100 EUR
Czechia-EUR,GLMR - ( Moonbeam ),You get ~1505.72831 GLMR for 100 EUR
Czechia-EUR,HBAR - ( Hedera ),You get ~426.78792 HBAR for 100 EUR
Czechia-EUR,IMX - ( Ethereum ),You get ~193.74787 IMX for 100 EUR
Czechia-EUR,ISLM - ( Haqq ),You get ~4027.51133 ISLM for 100 EUR
Czechia-EUR,KAIA - ( Kaia ),You get ~708.70708 KAIA for 100 EUR
Czechia-EUR,KDA - ( Kadena ),You get ~247.83154 KDA for 100 EUR
Czechia-EUR,L3USD - ( Polygon ),No summary
Czechia-EUR,LIF3 - ( Ethereum ),You get ~33767.91809 LIF3 for 100 EUR
Czechia-EUR,LINK - ( Ethereum ),You get ~6.03576 LINK for 100 EUR
Czechia-EUR,LTC - ( Litecoin ),You get ~1.36035 LTC for 100 EUR
Czechia-EUR,MANA - ( Ethereum ),You get ~348.63939 MANA for 100 EUR
Czechia-EUR,NEAR - ( Near ),You get ~40.58990 NEAR for 100 EUR
Czechia-EUR,NEIRO - ( Ethereum ),You get ~894.74186 NEIRO for 100 EUR
Czechia-EUR,POL - ( Polygon ),You get ~495.97459 POL for 100 EUR
Czechia-EUR,POL - ( Ethereum ),You get ~470.54407 POL for 100 EUR
Czechia-EUR,PYUSD - ( Ethereum ),You get ~112.71123 PYUSD for 100 EUR
Czechia-EUR,RONIN - ( Ronin ),You get ~207.23176 RONIN for 100 EUR
Czechia-EUR,RONIN - ( Ronin ),You get ~207.23176 RONIN for 100 EUR
Czechia-EUR,S - ( Sonic ),You get ~345.79557 S for 100 EUR
Czechia-EUR,SCRT - ( Secret ),You get ~600.09871 SCRT for 100 EUR
Czechia-EUR,SHIB - ( Ethereum ),You get ~7831666.66667 SHIB for 100 EUR
Czechia-EUR,SLP - ( Ronin ),No summary
Czechia-EUR,SLP - ( Ronin ),No summary
Czechia-EUR,SOL - ( Solana ),You get ~0.61328 SOL for 100 EUR
Czechia-EUR,STETH - ( Ethereum ),You get ~0.03025 STETH for 100 EUR
Czechia-EUR,STETH - ( Ethereum ),You get ~0.03025 STETH for 100 EUR
Czechia-EUR,SWEAT - ( Near ),You get ~42931.70944 SWEAT for 100 EUR
Czechia-EUR,TON - ( TON ),You get ~35.10043 TON for 100 EUR
Czechia-EUR,TRX - ( Tron ),You get ~363.09517 TRX for 100 EUR
Czechia-EUR,UNI - ( Ethereum ),You get ~10.27487 UNI for 100 EUR
Czechia-EUR,USDC - ( Stellar ),No summary
Czechia-EUR,USDC - ( Fuse ),You get ~112.60372 USDC for 100 EUR
Czechia-EUR,USDC - ( Polygon ),You get ~116.30571 USDC for 100 EUR
Czechia-EUR,USDC - ( Solana ),You get ~115.29371 USDC for 100 EUR
Czechia-EUR,USDC - ( CELO ),You get ~116.30257 USDC for 100 EUR
Czechia-EUR,USDC - ( Algorand ),No summary
Czechia-EUR,USDC - ( Linea ),You get ~116.29328 USDC for 100 EUR
Czechia-EUR,USDC - ( BASE ),No summary
Czechia-EUR,USDC - ( Binance_Smart_Chain ),No summary
Czechia-EUR,USDC - ( Ethereum ),You get ~116.25872 USDC for 100 EUR
Czechia-EUR,USDP - ( Playnance ),No summary
Czechia-EUR,USDP - ( Playnance ),No summary
Czechia-EUR,USDT - ( Binance_Smart_Chain ),You get ~115.29371 USDT for 100 EUR
Czechia-EUR,USDT - ( Arbitrum ),You get ~115.29371 USDT for 100 EUR
Czechia-EUR,USDT - ( Algorand ),No summary
Czechia-EUR,USDT - ( Avalanche ),No summary
Czechia-EUR,USDT - ( Solana ),You get ~114.78861 USDT for 100 EUR
Czechia-EUR,USDT - ( Optimism ),You get ~115.29371 USDT for 100 EUR
Czechia-EUR,USDT - ( Ethereum ),You get ~116.21270 USDT for 100 EUR
Czechia-EUR,USDT - ( CELO ),You get ~116.27156 USDT for 100 EUR
Czechia-EUR,USDT - ( Tron ),You get ~114.78861 USDT for 100 EUR
Czechia-EUR,USDT - ( Kaia ),You get ~116.27142 USDT for 100 EUR
Czechia-EUR,USDT0 - ( Ink ),You get ~116.27142 USDT0 for 100 EUR
Czechia-EUR,VSC - ( VSC ),No summary
Czechia-EUR,WBTC - ( Linea ),You get ~0.00098 WBTC for 100 EUR
Czechia-EUR,WLD - ( Ethereum ),You get ~99.90675 WLD for 100 EUR
Czechia-EUR,XLM - ( Stellar ),You get ~259.46289 XLM for 100 EUR
Czechia-EUR,XNO - ( Nano ),You get ~116.74338 XNO for 100 EUR
Czechia-EUR,XRD - ( Radix ),You get ~14428.00645 XRD for 100 EUR
Czechia-EUR,XRD - ( Radix ),You get ~14428.00645 XRD for 100 EUR
Czechia-EUR,XRP - ( XRP ),You get ~36.40414 XRP for 100 EUR
Czechia-EUR,ZIL - ( Zilliqa ),No summary
Denmark-EUR,AAVE - ( Ethereum ),You get ~0.36338 AAVE for 100 EUR
Denmark-EUR,ADA - ( Cardano ),You get ~139.03392 ADA for 100 EUR
Denmark-EUR,ALGO - ( Algorand ),You get ~426.98953 ALGO for 100 EUR
Denmark-EUR,APT - ( Aptos ),You get ~24.20089 APT for 100 EUR
Denmark-EUR,ATOM - ( Cosmos ),You get ~24.69291 ATOM for 100 EUR
Denmark-EUR,AVAX - ( Avalanche ),You get ~4.79518 AVAX for 100 EUR
Denmark-EUR,AXS - ( Ronin ),No summary
Denmark-EUR,AXS - ( Ronin ),No summary
Denmark-EUR,BABYDOGE - ( Binance_Smart_Chain ),No summary
Denmark-EUR,BCH - ( Bitcoin_Cash ),You get ~0.20810 BCH for 100 EUR
Denmark-EUR,BKN - ( Ethereum ),No summary
Denmark-EUR,BNB - ( Binance_Smart_Chain ),You get ~0.18680 BNB for 100 EUR
Denmark-EUR,BSV - ( Bitcoin_Satoshi_Vision ),No summary
Denmark-EUR,BTC - ( Bitcoin ),You get ~0.00090 BTC for 100 EUR
Denmark-EUR,CELO - ( Celo ),You get ~327.94053 CELO for 100 EUR
Denmark-EUR,CUSD - ( CELO ),You get ~116.22679 CUSD for 100 EUR
Denmark-EUR,DAI - ( Binance_Smart_Chain ),No summary
Denmark-EUR,DEENAR - ( Haqq ),You get ~1.51744 DEENAR for 100 EUR
Denmark-EUR,DOGE - ( Dogecoin ),You get ~484.37077 DOGE for 100 EUR
Denmark-EUR,DOT - ( Polkadot ),You get ~28.18917 DOT for 100 EUR
Denmark-EUR,ETH - ( Base ),No summary
Denmark-EUR,ETH - ( Optimism ),No summary
Denmark-EUR,ETH - ( Ethereum ),You get ~0.03099 ETH for 100 EUR
Denmark-EUR,ETH - ( Arbitrum ),You get ~0.03082 ETH for 100 EUR
Denmark-EUR,ETH - ( Ink ),You get ~0.03100 ETH for 100 EUR
Denmark-EUR,EURC - ( Ethereum ),No summary
Denmark-EUR,EURC - ( Ethereum ),No summary
Denmark-EUR,FDUSD - ( Ethereum ),No summary
Denmark-EUR,FDUSD - ( Binance_Smart_Chain ),No summary
Denmark-EUR,FLOW - ( Flow ),You get ~279.80075 FLOW for 100 EUR
Denmark-EUR,FTM - ( Fantom ),No summary
Denmark-EUR,FUSE - ( Fuse ),You get ~10017.76570 FUSE for 100 EUR
Denmark-EUR,GLMR - ( Moonbeam ),You get ~1505.70528 GLMR for 100 EUR
Denmark-EUR,HBAR - ( Hedera ),You get ~426.78050 HBAR for 100 EUR
Denmark-EUR,IMX - ( Ethereum ),You get ~193.74466 IMX for 100 EUR
Denmark-EUR,ISLM - ( Haqq ),You get ~4026.03232 ISLM for 100 EUR
Denmark-EUR,KAIA - ( Kaia ),You get ~708.26090 KAIA for 100 EUR
Denmark-EUR,KDA - ( Kadena ),You get ~248.19864 KDA for 100 EUR
Denmark-EUR,L3USD - ( Polygon ),No summary
Denmark-EUR,LIF3 - ( Ethereum ),You get ~33767.91809 LIF3 for 100 EUR
Denmark-EUR,LINK - ( Ethereum ),You get ~6.03565 LINK for 100 EUR
Denmark-EUR,LTC - ( Litecoin ),You get ~1.36032 LTC for 100 EUR
Denmark-EUR,MANA - ( Ethereum ),You get ~348.78773 MANA for 100 EUR
Denmark-EUR,NEAR - ( Near ),You get ~40.58919 NEAR for 100 EUR
Denmark-EUR,NEIRO - ( Ethereum ),You get ~894.72479 NEIRO for 100 EUR
Denmark-EUR,POL - ( Polygon ),You get ~495.57487 POL for 100 EUR
Denmark-EUR,POL - ( Ethereum ),You get ~470.53465 POL for 100 EUR
Denmark-EUR,PYUSD - ( Ethereum ),You get ~112.70937 PYUSD for 100 EUR
Denmark-EUR,RONIN - ( Ronin ),You get ~206.93331 RONIN for 100 EUR
Denmark-EUR,RONIN - ( Ronin ),You get ~206.93331 RONIN for 100 EUR
Denmark-EUR,S - ( Sonic ),You get ~345.78951 S for 100 EUR
Denmark-EUR,SCRT - ( Secret ),You get ~599.78077 SCRT for 100 EUR
Denmark-EUR,SHIB - ( Ethereum ),You get ~7831666.66667 SHIB for 100 EUR
Denmark-EUR,SLP - ( Ronin ),No summary
Denmark-EUR,SLP - ( Ronin ),No summary
Denmark-EUR,SOL - ( Solana ),You get ~0.61380 SOL for 100 EUR
Denmark-EUR,STETH - ( Ethereum ),You get ~0.03027 STETH for 100 EUR
Denmark-EUR,STETH - ( Ethereum ),You get ~0.03027 STETH for 100 EUR
Denmark-EUR,SWEAT - ( Near ),You get ~42931.70944 SWEAT for 100 EUR
Denmark-EUR,TON - ( TON ),You get ~35.04536 TON for 100 EUR
Denmark-EUR,TRX - ( Tron ),You get ~363.16625 TRX for 100 EUR
Denmark-EUR,UNI - ( Ethereum ),You get ~10.30240 UNI for 100 EUR
Denmark-EUR,USDC - ( Stellar ),No summary
Denmark-EUR,USDC - ( Fuse ),You get ~112.60782 USDC for 100 EUR
Denmark-EUR,USDC - ( Polygon ),You get ~116.30721 USDC for 100 EUR
Denmark-EUR,USDC - ( Solana ),You get ~115.29791 USDC for 100 EUR
Denmark-EUR,USDC - ( CELO ),You get ~116.30858 USDC for 100 EUR
Denmark-EUR,USDC - ( Algorand ),No summary
Denmark-EUR,USDC - ( Linea ),You get ~116.29533 USDC for 100 EUR
Denmark-EUR,USDC - ( BASE ),No summary
Denmark-EUR,USDC - ( Binance_Smart_Chain ),No summary
Denmark-EUR,USDC - ( Ethereum ),You get ~116.25995 USDC for 100 EUR
Denmark-EUR,USDP - ( Playnance ),No summary
Denmark-EUR,USDP - ( Playnance ),No summary
Denmark-EUR,USDT - ( Binance_Smart_Chain ),You get ~115.29791 USDT for 100 EUR
Denmark-EUR,USDT - ( Arbitrum ),You get ~115.29791 USDT for 100 EUR
Denmark-EUR,USDT - ( Algorand ),No summary
Denmark-EUR,USDT - ( Avalanche ),No summary
Denmark-EUR,USDT - ( Solana ),You get ~114.79279 USDT for 100 EUR
Denmark-EUR,USDT - ( Optimism ),You get ~115.29791 USDT for 100 EUR
Denmark-EUR,USDT - ( Ethereum ),You get ~116.21652 USDT for 100 EUR
Denmark-EUR,USDT - ( CELO ),You get ~116.27593 USDT for 100 EUR
Denmark-EUR,USDT - ( Tron ),You get ~114.79279 USDT for 100 EUR
Denmark-EUR,USDT - ( Kaia ),You get ~116.27443 USDT for 100 EUR
Denmark-EUR,USDT0 - ( Ink ),You get ~116.27443 USDT0 for 100 EUR
Denmark-EUR,VSC - ( VSC ),No summary
Denmark-EUR,WBTC - ( Linea ),You get ~0.00099 WBTC for 100 EUR
Denmark-EUR,WLD - ( Ethereum ),You get ~100.02981 WLD for 100 EUR
Denmark-EUR,XLM - ( Stellar ),You get ~259.76500 XLM for 100 EUR
Denmark-EUR,XNO - ( Nano ),You get ~116.51237 XNO for 100 EUR
Denmark-EUR,XRD - ( Radix ),You get ~14428.00645 XRD for 100 EUR
Denmark-EUR,XRD - ( Radix ),You get ~14428.00645 XRD for 100 EUR
Denmark-EUR,XRP - ( XRP ),You get ~36.39446 XRP for 100 EUR
Denmark-EUR,ZIL - ( Zilliqa ),No summary
Estonia-EUR,AAVE - ( Ethereum ),You get ~0.36336 AAVE for 100 EUR
Estonia-EUR,ADA - ( Cardano ),You get ~139.03906 ADA for 100 EUR
Estonia-EUR,ALGO - ( Algorand ),You get ~427.79794 ALGO for 100 EUR
Estonia-EUR,APT - ( Aptos ),You get ~24.23524 APT for 100 EUR
Estonia-EUR,ATOM - ( Cosmos ),You get ~24.69382 ATOM for 100 EUR
Estonia-EUR,AVAX - ( Avalanche ),You get ~4.79536 AVAX for 100 EUR
Estonia-EUR,AXS - ( Ronin ),No summary
Estonia-EUR,AXS - ( Ronin ),No summary
Estonia-EUR,BABYDOGE - ( Binance_Smart_Chain ),No summary
Estonia-EUR,BCH - ( Bitcoin_Cash ),You get ~0.20811 BCH for 100 EUR
Estonia-EUR,BKN - ( Ethereum ),No summary
Estonia-EUR,BNB - ( Binance_Smart_Chain ),You get ~0.18681 BNB for 100 EUR
Estonia-EUR,BSV - ( Bitcoin_Satoshi_Vision ),No summary
Estonia-EUR,BTC - ( Bitcoin ),You get ~0.00090 BTC for 100 EUR
Estonia-EUR,CELO - ( Celo ),You get ~328.61762 CELO for 100 EUR
Estonia-EUR,CUSD - ( CELO ),You get ~116.48813 CUSD for 100 EUR
Estonia-EUR,DAI - ( Binance_Smart_Chain ),No summary
Estonia-EUR,DEENAR - ( Haqq ),You get ~1.51753 DEENAR for 100 EUR
Estonia-EUR,DOGE - ( Dogecoin ),You get ~485.41580 DOGE for 100 EUR
Estonia-EUR,DOT - ( Polkadot ),You get ~28.19070 DOT for 100 EUR
Estonia-EUR,ETH - ( Base ),No summary
Estonia-EUR,ETH - ( Optimism ),No summary
Estonia-EUR,ETH - ( Ethereum ),You get ~0.03102 ETH for 100 EUR
Estonia-EUR,ETH - ( Arbitrum ),You get ~0.03084 ETH for 100 EUR
Estonia-EUR,ETH - ( Ink ),You get ~0.03103 ETH for 100 EUR
Estonia-EUR,EURC - ( Ethereum ),No summary
Estonia-EUR,EURC - ( Ethereum ),No summary
Estonia-EUR,FDUSD - ( Ethereum ),No summary
Estonia-EUR,FDUSD - ( Binance_Smart_Chain ),No summary
Estonia-EUR,FLOW - ( Flow ),You get ~280.35840 FLOW for 100 EUR
Estonia-EUR,FTM - ( Fantom ),No summary
Estonia-EUR,FUSE - ( Fuse ),You get ~10102.19132 FUSE for 100 EUR
Estonia-EUR,GLMR - ( Moonbeam ),You get ~1505.72831 GLMR for 100 EUR
Estonia-EUR,HBAR - ( Hedera ),You get ~428.72426 HBAR for 100 EUR
Estonia-EUR,IMX - ( Ethereum ),You get ~193.74787 IMX for 100 EUR
Estonia-EUR,ISLM - ( Haqq ),You get ~4026.03232 ISLM for 100 EUR
Estonia-EUR,KAIA - ( Kaia ),You get ~708.70708 KAIA for 100 EUR
Estonia-EUR,KDA - ( Kadena ),You get ~248.57433 KDA for 100 EUR
Estonia-EUR,L3USD - ( Polygon ),No summary
Estonia-EUR,LIF3 - ( Ethereum ),You get ~33767.91809 LIF3 for 100 EUR
Estonia-EUR,LINK - ( Ethereum ),You get ~6.03575 LINK for 100 EUR
Estonia-EUR,LTC - ( Litecoin ),You get ~1.36035 LTC for 100 EUR
Estonia-EUR,MANA - ( Ethereum ),You get ~350.18068 MANA for 100 EUR
Estonia-EUR,NEAR - ( Near ),You get ~40.58988 NEAR for 100 EUR
Estonia-EUR,NEIRO - ( Ethereum ),You get ~894.01669 NEIRO for 100 EUR
Estonia-EUR,POL - ( Polygon ),You get ~495.81065 POL for 100 EUR
Estonia-EUR,POL - ( Ethereum ),You get ~470.94479 POL for 100 EUR
Estonia-EUR,PYUSD - ( Ethereum ),You get ~112.71123 PYUSD for 100 EUR
Estonia-EUR,RONIN - ( Ronin ),You get ~206.82610 RONIN for 100 EUR
Estonia-EUR,RONIN - ( Ronin ),You get ~206.82610 RONIN for 100 EUR
Estonia-EUR,S - ( Sonic ),You get ~345.79557 S for 100 EUR
Estonia-EUR,SCRT - ( Secret ),You get ~599.47776 SCRT for 100 EUR
Estonia-EUR,SHIB - ( Ethereum ),You get ~7831666.66667 SHIB for 100 EUR
Estonia-EUR,SLP - ( Ronin ),No summary
Estonia-EUR,SLP - ( Ronin ),No summary
Estonia-EUR,SOL - ( Solana ),You get ~0.61476 SOL for 100 EUR
Estonia-EUR,STETH - ( Ethereum ),You get ~0.03027 STETH for 100 EUR
Estonia-EUR,STETH - ( Ethereum ),You get ~0.03027 STETH for 100 EUR
Estonia-EUR,SWEAT - ( Near ),You get ~42931.70944 SWEAT for 100 EUR
Estonia-EUR,TON - ( TON ),You get ~34.98543 TON for 100 EUR
Estonia-EUR,TRX - ( Tron ),You get ~363.14882 TRX for 100 EUR
Estonia-EUR,UNI - ( Ethereum ),You get ~10.29330 UNI for 100 EUR
Estonia-EUR,USDC - ( Stellar ),No summary
Estonia-EUR,USDC - ( Fuse ),You get ~112.60981 USDC for 100 EUR
Estonia-EUR,USDC - ( Polygon ),You get ~116.31432 USDC for 100 EUR
Estonia-EUR,USDC - ( Solana ),You get ~115.29994 USDC for 100 EUR
Estonia-EUR,USDC - ( CELO ),You get ~116.31350 USDC for 100 EUR
Estonia-EUR,USDC - ( Algorand ),No summary
Estonia-EUR,USDC - ( Linea ),You get ~116.30257 USDC for 100 EUR
Estonia-EUR,USDC - ( BASE ),No summary
Estonia-EUR,USDC - ( Binance_Smart_Chain ),No summary
Estonia-EUR,USDC - ( Ethereum ),No summary
Estonia-EUR,USDP - ( Playnance ),No summary
Estonia-EUR,USDP - ( Playnance ),No summary
Estonia-EUR,USDT - ( Binance_Smart_Chain ),You get ~115.29994 USDT for 100 EUR
Estonia-EUR,USDT - ( Arbitrum ),You get ~115.29994 USDT for 100 EUR
Estonia-EUR,USDT - ( Algorand ),No summary
Estonia-EUR,USDT - ( Avalanche ),No summary
Estonia-EUR,USDT - ( Solana ),You get ~114.79481 USDT for 100 EUR
Estonia-EUR,USDT - ( Optimism ),You get ~115.29994 USDT for 100 EUR
Estonia-EUR,USDT - ( Ethereum ),You get ~116.20628 USDT for 100 EUR
Estonia-EUR,USDT - ( CELO ),You get ~116.27702 USDT for 100 EUR
Estonia-EUR,USDT - ( Tron ),You get ~114.78685 USDT for 100 EUR
Estonia-EUR,USDT - ( Kaia ),You get ~116.26910 USDT for 100 EUR
Estonia-EUR,USDT0 - ( Ink ),You get ~116.26910 USDT0 for 100 EUR
Estonia-EUR,VSC - ( VSC ),No summary
Estonia-EUR,WBTC - ( Linea ),You get ~0.00099 WBTC for 100 EUR
Estonia-EUR,WLD - ( Ethereum ),You get ~100.04214 WLD for 100 EUR
Estonia-EUR,XLM - ( Stellar ),You get ~259.75126 XLM for 100 EUR
Estonia-EUR,XNO - ( Nano ),You get ~116.80058 XNO for 100 EUR
Estonia-EUR,XRD - ( Radix ),You get ~14409.01112 XRD for 100 EUR
Estonia-EUR,XRD - ( Radix ),You get ~14409.01112 XRD for 100 EUR
Estonia-EUR,XRP - ( XRP ),You get ~36.33261 XRP for 100 EUR
Estonia-EUR,ZIL - ( Zilliqa ),No summary
Finland-EUR,AAVE - ( Ethereum ),You get ~0.36336 AAVE for 100 EUR
Finland-EUR,ADA - ( Cardano ),You get ~139.03194 ADA for 100 EUR
Finland-EUR,ALGO - ( Algorand ),You get ~427.77560 ALGO for 100 EUR
Finland-EUR,APT - ( Aptos ),You get ~24.20054 APT for 100 EUR
Finland-EUR,ATOM - ( Cosmos ),You get ~24.69254 ATOM for 100 EUR
Finland-EUR,AVAX - ( Avalanche ),You get ~4.79511 AVAX for 100 EUR
Finland-EUR,AXS - ( Ronin ),No summary
Finland-EUR,AXS - ( Ronin ),No summary
Finland-EUR,BABYDOGE - ( Binance_Smart_Chain ),No summary
Finland-EUR,BCH - ( Bitcoin_Cash ),You get ~0.20810 BCH for 100 EUR
Finland-EUR,BKN - ( Ethereum ),No summary
Finland-EUR,BNB - ( Binance_Smart_Chain ),You get ~0.18680 BNB for 100 EUR
Finland-EUR,BSV - ( Bitcoin_Satoshi_Vision ),No summary
Finland-EUR,BTC - ( Bitcoin ),You get ~0.00090 BTC for 100 EUR
Finland-EUR,CELO - ( Celo ),You get ~328.55000 CELO for 100 EUR
Finland-EUR,CUSD - ( CELO ),You get ~116.27279 CUSD for 100 EUR
Finland-EUR,DAI - ( Binance_Smart_Chain ),No summary
Finland-EUR,DEENAR - ( Haqq ),You get ~1.51742 DEENAR for 100 EUR
Finland-EUR,DOGE - ( Dogecoin ),You get ~485.38225 DOGE for 100 EUR
Finland-EUR,DOT - ( Polkadot ),You get ~28.18875 DOT for 100 EUR
Finland-EUR,ETH - ( Base ),No summary
Finland-EUR,ETH - ( Optimism ),No summary
Finland-EUR,ETH - ( Ethereum ),You get ~0.03100 ETH for 100 EUR
Finland-EUR,ETH - ( Arbitrum ),You get ~0.03082 ETH for 100 EUR
Finland-EUR,ETH - ( Ink ),You get ~0.03101 ETH for 100 EUR
Finland-EUR,EURC - ( Ethereum ),No summary
Finland-EUR,EURC - ( Ethereum ),No summary
Finland-EUR,FDUSD - ( Ethereum ),No summary
Finland-EUR,FDUSD - ( Binance_Smart_Chain ),No summary
Finland-EUR,FLOW - ( Flow ),You get ~279.72843 FLOW for 100 EUR
Finland-EUR,FTM - ( Fantom ),No summary
Finland-EUR,FUSE - ( Fuse ),You get ~9954.29996 FUSE for 100 EUR
Finland-EUR,GLMR - ( Moonbeam ),You get ~1505.63619 GLMR for 100 EUR
Finland-EUR,HBAR - ( Hedera ),You get ~429.90883 HBAR for 100 EUR
Finland-EUR,IMX - ( Ethereum ),You get ~194.19991 IMX for 100 EUR
Finland-EUR,ISLM - ( Haqq ),You get ~4024.39024 ISLM for 100 EUR
Finland-EUR,KAIA - ( Kaia ),You get ~709.08778 KAIA for 100 EUR
Finland-EUR,KDA - ( Kadena ),You get ~248.45126 KDA for 100 EUR
Finland-EUR,L3USD - ( Polygon ),No summary
Finland-EUR,LIF3 - ( Ethereum ),You get ~33756.39713 LIF3 for 100 EUR
Finland-EUR,LINK - ( Ethereum ),You get ~6.03470 LINK for 100 EUR
Finland-EUR,LTC - ( Litecoin ),You get ~1.36025 LTC for 100 EUR
Finland-EUR,MANA - ( Ethereum ),You get ~350.15597 MANA for 100 EUR
Finland-EUR,NEAR - ( Near ),You get ~40.58709 NEAR for 100 EUR
