Euro Members-EUR,- ( Cardano ),NotVisible,
Euro Members-EUR,- ( Algorand ),NotVisible,
Euro Members-EUR,- ( Avalanche ),NotVisible,
Euro Members-EUR,- ( Bitcoin Cash ),Success,You get ~2.1359746063212963 EUR for 0.01 BCH
Euro Members-EUR,- ( Binance Smart Chain ),Success,You get ~4.057622068118086 EUR for 0.01 BNB
Euro Members-EUR,- ( Bitcoin ),Success,You get ~982.0637349687554 EUR for 0.01 BTC
Euro Members-EUR,- ( Celo ),NotVisible,
Euro Members-EUR,- ( CELO ),NotVisible,
Euro Members-EUR,- ( Ethereum ),Success,You get ~28.70353021502435 EUR for 0.01 ETH
Euro Members-EUR,- ( Litecoin ),NotVisible,
Euro Members-EUR,- ( Polygon ),NotVisible,
Euro Members-EUR,- ( Sonic ),NotVisible,
Euro Members-EUR,- ( Solana ),NotVisible,
Euro Members-EUR,- ( Tron ),NotVisible,
Euro Members-EUR,- ( Binance_Smart_Chain ),NotVisible,
Euro Members-EUR,- ( Base ),NotVisible,
Euro Members-EUR,- ( Solana ),NotVisible,
Euro Members-EUR,- ( Ethereum ),NotVisible,
Euro Members-EUR,- ( Celo ),NotVisible,
Euro Members-EUR,- ( Arbitrum ),NotVisible,
Euro Members-EUR,- ( Polygon ),NotVisible,
Euro Members-EUR,- ( Linea ),NotVisible,
Euro Members-EUR,- ( Polygon ),NotVisible,
Euro Members-EUR,- ( CELO ),NotVisible,
Euro Members-EUR,- ( Arbitrum ),NotVisible,
Euro Members-EUR,- ( Ethereum ),NotVisible,
Euro Members-EUR,- ( Solana ),NotVisible,
Euro Members-EUR,- ( Tron ),NotVisible,
Euro Members-EUR,- ( Ethereum ),NotVisible,
Euro Members-EUR,- ( Radix ),NotVisible,
Andorra-EUR,- ( Cardano ),NotVisible,
Andorra-EUR,- ( Algorand ),NotVisible,
Andorra-EUR,- ( Avalanche ),NotVisible,
Andorra-EUR,- ( Bitcoin Cash ),Success,You get ~2.137650391029612 EUR for 0.01 BCH
Andorra-EUR,- ( Binance Smart Chain ),Success,You get ~4.054077783459997 EUR for 0.01 BNB
Andorra-EUR,- ( Bitcoin ),Success,You get ~981.6757908087802 EUR for 0.01 BTC
Andorra-EUR,- ( Celo ),NotVisible,
Andorra-EUR,- ( CELO ),NotVisible,
Andorra-EUR,- ( Ethereum ),Success,You get ~28.662305911199777 EUR for 0.01 ETH
Andorra-EUR,- ( Litecoin ),NotVisible,
Andorra-EUR,- ( Polygon ),NotVisible,
Andorra-EUR,- ( Sonic ),NotVisible,
Andorra-EUR,- ( Solana ),NotVisible,
Andorra-EUR,- ( Tron ),NotVisible,
Andorra-EUR,- ( Binance_Smart_Chain ),NotVisible,
Andorra-EUR,- ( Base ),NotVisible,
Andorra-EUR,- ( Solana ),NotVisible,
Andorra-EUR,- ( Ethereum ),NotVisible,
Andorra-EUR,- ( Celo ),NotVisible,
Andorra-EUR,- ( Arbitrum ),NotVisible,
Andorra-EUR,- ( Polygon ),NotVisible,
Andorra-EUR,- ( Linea ),NotVisible,
Andorra-EUR,- ( Polygon ),NotVisible,
Andorra-EUR,- ( CELO ),NotVisible,
Andorra-EUR,- ( Arbitrum ),NotVisible,
Andorra-EUR,- ( Ethereum ),NotVisible,
Andorra-EUR,- ( Solana ),NotVisible,
Andorra-EUR,- ( Tron ),NotVisible,
Andorra-EUR,- ( Ethereum ),NotVisible,
Andorra-EUR,- ( Radix ),NotVisible,
Austria-EUR,- ( Cardano ),NotVisible,
Austria-EUR,- ( Algorand ),NotVisible,
Austria-EUR,- ( Avalanche ),NotVisible,
Austria-EUR,- ( Bitcoin Cash ),Success,You get ~2.137734180265028 EUR for 0.01 BCH
Austria-EUR,- ( Binance Smart Chain ),Success,You get ~4.064853079134469 EUR for 0.01 BNB
Austria-EUR,- ( Bitcoin ),Success,You get ~981.9481058238815 EUR for 0.01 BTC
Austria-EUR,- ( Celo ),NotVisible,
Austria-EUR,- ( CELO ),NotVisible,
Austria-EUR,- ( Ethereum ),Success,You get ~28.66892526079762 EUR for 0.01 ETH
Austria-EUR,- ( Litecoin ),NotVisible,
Austria-EUR,- ( Polygon ),NotVisible,
Austria-EUR,- ( Sonic ),NotVisible,
Austria-EUR,- ( Solana ),NotVisible,
Austria-EUR,- ( Tron ),NotVisible,
Austria-EUR,- ( Binance_Smart_Chain ),NotVisible,
Austria-EUR,- ( Base ),NotVisible,
Austria-EUR,- ( Solana ),NotVisible,
Austria-EUR,- ( Ethereum ),NotVisible,
Austria-EUR,- ( Celo ),NotVisible,
Austria-EUR,- ( Arbitrum ),NotVisible,
Austria-EUR,- ( Polygon ),NotVisible,
Austria-EUR,- ( Linea ),NotVisible,
Austria-EUR,- ( Polygon ),NotVisible,
Austria-EUR,- ( CELO ),NotVisible,
Austria-EUR,- ( Arbitrum ),NotVisible,
Austria-EUR,- ( Ethereum ),NotVisible,
Austria-EUR,- ( Solana ),NotVisible,
Austria-EUR,- ( Tron ),NotVisible,
Austria-EUR,- ( Ethereum ),NotVisible,
Austria-EUR,- ( Radix ),NotVisible,
Belgium-EUR,- ( Cardano ),NotVisible,
Belgium-EUR,- ( Algorand ),NotVisible,
Belgium-EUR,- ( Avalanche ),NotVisible,
Belgium-EUR,- ( Bitcoin Cash ),Success,You get ~2.139409964973345 EUR for 0.01 BCH
Belgium-EUR,- ( Binance Smart Chain ),Success,You get ~4.062021002977415 EUR for 0.01 BNB
Belgium-EUR,- ( Bitcoin ),Success,You get ~981.6012183892601 EUR for 0.01 BTC
Belgium-EUR,- ( Celo ),NotVisible,
Belgium-EUR,- ( CELO ),NotVisible,
Belgium-EUR,- ( Ethereum ),Success,You get ~28.65652445395608 EUR for 0.01 ETH
Belgium-EUR,- ( Litecoin ),NotVisible,
Belgium-EUR,- ( Polygon ),NotVisible,
Belgium-EUR,- ( Sonic ),NotVisible,
Belgium-EUR,- ( Solana ),NotVisible,
Belgium-EUR,- ( Tron ),NotVisible,
Belgium-EUR,- ( Binance_Smart_Chain ),NotVisible,
Belgium-EUR,- ( Base ),NotVisible,
Belgium-EUR,- ( Solana ),NotVisible,
Belgium-EUR,- ( Ethereum ),NotVisible,
Belgium-EUR,- ( Celo ),NotVisible,
Belgium-EUR,- ( Arbitrum ),NotVisible,
Belgium-EUR,- ( Polygon ),NotVisible,
Belgium-EUR,- ( Linea ),NotVisible,
Belgium-EUR,- ( Polygon ),NotVisible,
Belgium-EUR,- ( CELO ),NotVisible,
Belgium-EUR,- ( Arbitrum ),NotVisible,
Belgium-EUR,- ( Ethereum ),NotVisible,
Belgium-EUR,- ( Solana ),NotVisible,
Belgium-EUR,- ( Tron ),NotVisible,
Belgium-EUR,- ( Ethereum ),NotVisible,
Belgium-EUR,- ( Radix ),NotVisible,
Bulgaria-EUR,- ( Cardano ),NotVisible,
Bulgaria-EUR,- ( Algorand ),NotVisible,
Bulgaria-EUR,- ( Avalanche ),NotVisible,
Bulgaria-EUR,- ( Bitcoin Cash ),Success,You get ~2.148794359339916 EUR for 0.01 BCH
Bulgaria-EUR,- ( Binance Smart Chain ),Success,You get ~4.06501227868176 EUR for 0.01 BNB
Bulgaria-EUR,- ( Bitcoin ),Success,You get ~981.93972690034 EUR for 0.01 BTC
Bulgaria-EUR,- ( Celo ),NotVisible,
Bulgaria-EUR,- ( CELO ),NotVisible,
Bulgaria-EUR,- ( Ethereum ),Success,You get ~28.66859010385596 EUR for 0.01 ETH
Bulgaria-EUR,- ( Litecoin ),NotVisible,
Bulgaria-EUR,- ( Polygon ),NotVisible,
Bulgaria-EUR,- ( Sonic ),NotVisible,
Bulgaria-EUR,- ( Solana ),NotVisible,
Bulgaria-EUR,- ( Tron ),NotVisible,
Bulgaria-EUR,- ( Binance_Smart_Chain ),NotVisible,
Bulgaria-EUR,- ( Base ),NotVisible,
Bulgaria-EUR,- ( Solana ),NotVisible,
Bulgaria-EUR,- ( Ethereum ),NotVisible,
Bulgaria-EUR,- ( Celo ),NotVisible,
Bulgaria-EUR,- ( Arbitrum ),NotVisible,
Bulgaria-EUR,- ( Polygon ),NotVisible,
Bulgaria-EUR,- ( Linea ),NotVisible,
Bulgaria-EUR,- ( Polygon ),NotVisible,
Bulgaria-EUR,- ( CELO ),NotVisible,
Bulgaria-EUR,- ( Arbitrum ),NotVisible,
Bulgaria-EUR,- ( Ethereum ),NotVisible,
Bulgaria-EUR,- ( Solana ),NotVisible,
Bulgaria-EUR,- ( Tron ),NotVisible,
Bulgaria-EUR,- ( Ethereum ),NotVisible,
Bulgaria-EUR,- ( Radix ),NotVisible,
Croatia-EUR,- ( Cardano ),NotVisible,
Croatia-EUR,- ( Algorand ),NotVisible,
Croatia-EUR,- ( Avalanche ),NotVisible,
Croatia-EUR,- ( Bitcoin Cash ),Success,You get ~2.145023843746204 EUR for 0.01 BCH
Croatia-EUR,- ( Binance Smart Chain ),Success,You get ~4.066344527524871 EUR for 0.01 BNB
Croatia-EUR,- ( Bitcoin ),Success,You get ~982.1483620965254 EUR for 0.01 BTC
Croatia-EUR,- ( Celo ),NotVisible,
Croatia-EUR,- ( CELO ),NotVisible,
Croatia-EUR,- ( Ethereum ),Success,You get ~28.681242278403747 EUR for 0.01 ETH
Croatia-EUR,- ( Litecoin ),NotVisible,
Croatia-EUR,- ( Polygon ),NotVisible,
Croatia-EUR,- ( Sonic ),NotVisible,
Croatia-EUR,- ( Solana ),NotVisible,
Croatia-EUR,- ( Tron ),NotVisible,
Croatia-EUR,- ( Binance_Smart_Chain ),NotVisible,
Croatia-EUR,- ( Base ),NotVisible,
Croatia-EUR,- ( Solana ),NotVisible,
Croatia-EUR,- ( Ethereum ),NotVisible,
Croatia-EUR,- ( Celo ),NotVisible,
Croatia-EUR,- ( Arbitrum ),NotVisible,
Croatia-EUR,- ( Polygon ),NotVisible,
Croatia-EUR,- ( Linea ),NotVisible,
Croatia-EUR,- ( Polygon ),NotVisible,
Croatia-EUR,- ( CELO ),NotVisible,
Croatia-EUR,- ( Arbitrum ),NotVisible,
Croatia-EUR,- ( Ethereum ),NotVisible,
Croatia-EUR,- ( Solana ),NotVisible,
Croatia-EUR,- ( Tron ),NotVisible,
Croatia-EUR,- ( Ethereum ),NotVisible,
Croatia-EUR,- ( Radix ),NotVisible,
Cyprus-EUR,- ( Cardano ),NotVisible,
Cyprus-EUR,- ( Algorand ),NotVisible,
Cyprus-EUR,- ( Avalanche ),NotVisible,
Cyprus-EUR,- ( Bitcoin Cash ),Success,You get ~2.145861736100362 EUR for 0.01 BCH
Cyprus-EUR,- ( Binance Smart Chain ),Success,You get ~4.066964567866948 EUR for 0.01 BNB
Cyprus-EUR,- ( Bitcoin ),Success,You get ~982.3092374285237 EUR for 0.01 BTC
Cyprus-EUR,- ( Celo ),NotVisible,
Cyprus-EUR,- ( CELO ),NotVisible,
Cyprus-EUR,- ( Ethereum ),Success,You get ~28.68358837699539 EUR for 0.01 ETH
Cyprus-EUR,- ( Litecoin ),NotVisible,
Cyprus-EUR,- ( Polygon ),NotVisible,
Cyprus-EUR,- ( Sonic ),NotVisible,
Cyprus-EUR,- ( Solana ),NotVisible,
Cyprus-EUR,- ( Tron ),NotVisible,
Cyprus-EUR,- ( Binance_Smart_Chain ),NotVisible,
Cyprus-EUR,- ( Base ),NotVisible,
Cyprus-EUR,- ( Solana ),NotVisible,
Cyprus-EUR,- ( Ethereum ),NotVisible,
Cyprus-EUR,- ( Celo ),NotVisible,
Cyprus-EUR,- ( Arbitrum ),NotVisible,
Cyprus-EUR,- ( Polygon ),NotVisible,
Cyprus-EUR,- ( Linea ),NotVisible,
Cyprus-EUR,- ( Polygon ),NotVisible,
Cyprus-EUR,- ( CELO ),NotVisible,
Cyprus-EUR,- ( Arbitrum ),NotVisible,
Cyprus-EUR,- ( Ethereum ),NotVisible,
Cyprus-EUR,- ( Solana ),NotVisible,
Cyprus-EUR,- ( Tron ),NotVisible,
Cyprus-EUR,- ( Ethereum ),NotVisible,
Cyprus-EUR,- ( Radix ),NotVisible,
Czechia-EUR,- ( Cardano ),NotVisible,
Czechia-EUR,- ( Algorand ),NotVisible,
Czechia-EUR,- ( Avalanche ),NotVisible,
Czechia-EUR,- ( Bitcoin Cash ),Success,You get ~2.1416070020448674 EUR for 0.01 BCH
Czechia-EUR,- ( Binance Smart Chain ),Success,You get ~4.067928783127433 EUR for 0.01 BNB
Czechia-EUR,- ( Bitcoin ),Success,You get ~982.3211088382828 EUR for 0.01 BTC
Czechia-EUR,- ( Celo ),NotVisible,
Czechia-EUR,- ( CELO ),NotVisible,
Czechia-EUR,- ( Ethereum ),Success,You get ~28.660000972466285 EUR for 0.01 ETH
Czechia-EUR,- ( Litecoin ),NotVisible,
Czechia-EUR,- ( Polygon ),NotVisible,
Czechia-EUR,- ( Sonic ),NotVisible,
Czechia-EUR,- ( Solana ),NotVisible,
Czechia-EUR,- ( Tron ),NotVisible,
Czechia-EUR,- ( Binance_Smart_Chain ),NotVisible,
Czechia-EUR,- ( Base ),NotVisible,
Czechia-EUR,- ( Solana ),NotVisible,
Czechia-EUR,- ( Ethereum ),NotVisible,
Czechia-EUR,- ( Celo ),NotVisible,
Czechia-EUR,- ( Arbitrum ),NotVisible,
Czechia-EUR,- ( Polygon ),NotVisible,
Czechia-EUR,- ( Linea ),NotVisible,
Czechia-EUR,- ( Polygon ),NotVisible,
Czechia-EUR,- ( CELO ),NotVisible,
Czechia-EUR,- ( Arbitrum ),NotVisible,
Czechia-EUR,- ( Ethereum ),NotVisible,
Czechia-EUR,- ( Solana ),NotVisible,
Czechia-EUR,- ( Tron ),NotVisible,
Czechia-EUR,- ( Ethereum ),NotVisible,
Czechia-EUR,- ( Radix ),NotVisible,
Denmark-EUR,- ( Cardano ),NotVisible,
Denmark-EUR,- ( Algorand ),NotVisible,
Denmark-EUR,- ( Avalanche ),NotVisible,
Denmark-EUR,- ( Bitcoin Cash ),Success,You get ~2.1416907810279913 EUR for 0.01 BCH
Denmark-EUR,- ( Binance Smart Chain ),Success,You get ~4.063094735801152 EUR for 0.01 BNB
Denmark-EUR,- ( Bitcoin ),Success,You get ~982.1376328652406 EUR for 0.01 BTC
Denmark-EUR,- ( Celo ),NotVisible,
Denmark-EUR,- ( CELO ),NotVisible,
Denmark-EUR,- ( Ethereum ),Success,You get ~28.65329865381633 EUR for 0.01 ETH
Denmark-EUR,- ( Litecoin ),NotVisible,
Denmark-EUR,- ( Polygon ),NotVisible,
Denmark-EUR,- ( Sonic ),NotVisible,
Denmark-EUR,- ( Solana ),NotVisible,
Denmark-EUR,- ( Tron ),NotVisible,
Denmark-EUR,- ( Binance_Smart_Chain ),NotVisible,
Denmark-EUR,- ( Base ),NotVisible,
Denmark-EUR,- ( Solana ),NotVisible,
Denmark-EUR,- ( Ethereum ),NotVisible,
Denmark-EUR,- ( Celo ),NotVisible,
Denmark-EUR,- ( Arbitrum ),NotVisible,
Denmark-EUR,- ( Polygon ),NotVisible,
Denmark-EUR,- ( Linea ),NotVisible,
Denmark-EUR,- ( Polygon ),NotVisible,
Denmark-EUR,- ( CELO ),NotVisible,
Denmark-EUR,- ( Arbitrum ),NotVisible,
Denmark-EUR,- ( Ethereum ),NotVisible,
Denmark-EUR,- ( Solana ),NotVisible,
Denmark-EUR,- ( Tron ),NotVisible,
Denmark-EUR,- ( Ethereum ),NotVisible,
Denmark-EUR,- ( Radix ),NotVisible,
Estonia-EUR,- ( Cardano ),NotVisible,
Estonia-EUR,- ( Algorand ),NotVisible,
Estonia-EUR,- ( Avalanche ),NotVisible,
Estonia-EUR,- ( Bitcoin Cash ),Success,You get ~2.140910552946788 EUR for 0.01 BCH
Estonia-EUR,- ( Binance Smart Chain ),Success,You get ~4.059508211847239 EUR for 0.01 BNB
Estonia-EUR,- ( Bitcoin ),Success,You get ~981.8455053748746 EUR for 0.01 BTC
Estonia-EUR,- ( Celo ),NotVisible,
Estonia-EUR,- ( CELO ),NotVisible,
Estonia-EUR,- ( Ethereum ),Success,You get ~28.64126374881043 EUR for 0.01 ETH
Estonia-EUR,- ( Litecoin ),NotVisible,
Estonia-EUR,- ( Polygon ),NotVisible,
Estonia-EUR,- ( Sonic ),NotVisible,
Estonia-EUR,- ( Solana ),NotVisible,
Estonia-EUR,- ( Tron ),NotVisible,
Estonia-EUR,- ( Binance_Smart_Chain ),NotVisible,
Estonia-EUR,- ( Base ),NotVisible,
Estonia-EUR,- ( Solana ),NotVisible,
Estonia-EUR,- ( Ethereum ),NotVisible,
Estonia-EUR,- ( Celo ),NotVisible,
Estonia-EUR,- ( Arbitrum ),NotVisible,
Estonia-EUR,- ( Polygon ),NotVisible,
Estonia-EUR,- ( Linea ),NotVisible,
Estonia-EUR,- ( Polygon ),NotVisible,
Estonia-EUR,- ( CELO ),NotVisible,
Estonia-EUR,- ( Arbitrum ),NotVisible,
Estonia-EUR,- ( Ethereum ),NotVisible,
Estonia-EUR,- ( Solana ),NotVisible,
Estonia-EUR,- ( Tron ),NotVisible,
Estonia-EUR,- ( Ethereum ),NotVisible,
Estonia-EUR,- ( Radix ),NotVisible,
Finland-EUR,- ( Cardano ),NotVisible,
Finland-EUR,- ( Algorand ),NotVisible,
Finland-EUR,- ( Avalanche ),NotVisible,
Finland-EUR,- ( Bitcoin Cash ),Success,You get ~2.132198374291437 EUR for 0.01 BCH
Finland-EUR,- ( Binance Smart Chain ),Success,You get ~4.057707136452143 EUR for 0.01 BNB
Finland-EUR,- ( Bitcoin ),Success,You get ~981.453457335384 EUR for 0.01 BTC
Finland-EUR,- ( Celo ),NotVisible,
Finland-EUR,- ( CELO ),NotVisible,
Finland-EUR,- ( Ethereum ),Success,You get ~28.627357771341313 EUR for 0.01 ETH
Finland-EUR,- ( Litecoin ),NotVisible,
Finland-EUR,- ( Polygon ),NotVisible,
Finland-EUR,- ( Sonic ),NotVisible,
Finland-EUR,- ( Solana ),NotVisible,
Finland-EUR,- ( Tron ),NotVisible,
Finland-EUR,- ( Binance_Smart_Chain ),NotVisible,
Finland-EUR,- ( Base ),NotVisible,
Finland-EUR,- ( Solana ),NotVisible,
Finland-EUR,- ( Ethereum ),NotVisible,
Finland-EUR,- ( Celo ),NotVisible,
Finland-EUR,- ( Arbitrum ),NotVisible,
Finland-EUR,- ( Polygon ),NotVisible,
Finland-EUR,- ( Linea ),NotVisible,
Finland-EUR,- ( Polygon ),NotVisible,
Finland-EUR,- ( CELO ),NotVisible,
Finland-EUR,- ( Arbitrum ),NotVisible,
Finland-EUR,- ( Ethereum ),NotVisible,
Finland-EUR,- ( Solana ),NotVisible,
Finland-EUR,- ( Tron ),NotVisible,
Finland-EUR,- ( Ethereum ),NotVisible,
Finland-EUR,- ( Radix ),NotVisible,
France-EUR,- ( Cardano ),NotVisible,
France-EUR,- ( Algorand ),NotVisible,
France-EUR,- ( Avalanche ),NotVisible,
France-EUR,- ( Bitcoin Cash ),Success,You get ~2.1240725922763493 EUR for 0.01 BCH
France-EUR,- ( Binance Smart Chain ),Success,You get ~4.056442195128145 EUR for 0.01 BNB
France-EUR,- ( Bitcoin ),Success,You get ~980.9166467448925 EUR for 0.01 BTC
France-EUR,- ( Celo ),NotVisible,
France-EUR,- ( CELO ),NotVisible,
France-EUR,- ( Ethereum ),Success,You get ~28.628101785673863 EUR for 0.01 ETH
France-EUR,- ( Litecoin ),NotVisible,
France-EUR,- ( Polygon ),NotVisible,
France-EUR,- ( Sonic ),NotVisible,
France-EUR,- ( Solana ),NotVisible,
France-EUR,- ( Tron ),NotVisible,
France-EUR,- ( Binance_Smart_Chain ),NotVisible,
France-EUR,- ( Base ),NotVisible,
France-EUR,- ( Solana ),NotVisible,
France-EUR,- ( Ethereum ),NotVisible,
France-EUR,- ( Celo ),NotVisible,
France-EUR,- ( Arbitrum ),NotVisible,
France-EUR,- ( Polygon ),NotVisible,
France-EUR,- ( Linea ),NotVisible,
France-EUR,- ( Polygon ),NotVisible,
France-EUR,- ( CELO ),NotVisible,
France-EUR,- ( Arbitrum ),NotVisible,
France-EUR,- ( Ethereum ),NotVisible,
France-EUR,- ( Solana ),NotVisible,
France-EUR,- ( Tron ),NotVisible,
France-EUR,- ( Ethereum ),NotVisible,
France-EUR,- ( Radix ),NotVisible,
Germany-EUR,- ( Cardano ),NotVisible,
Germany-EUR,- ( Algorand ),NotVisible,
Germany-EUR,- ( Avalanche ),NotVisible,
Germany-EUR,- ( Bitcoin Cash ),Success,You get ~2.1259695768518623 EUR for 0.01 BCH
Germany-EUR,- ( Binance Smart Chain ),Success,You get ~4.051305436138854 EUR for 0.01 BNB
Germany-EUR,- ( Bitcoin ),Success,You get ~981.0305724393409 EUR for 0.01 BTC
Germany-EUR,- ( Celo ),NotVisible,
Germany-EUR,- ( CELO ),NotVisible,
Germany-EUR,- ( Ethereum ),Success,You get ~28.646112097663853 EUR for 0.01 ETH
Germany-EUR,- ( Litecoin ),NotVisible,
Germany-EUR,- ( Polygon ),NotVisible,
Germany-EUR,- ( Sonic ),NotVisible,
Germany-EUR,- ( Solana ),NotVisible,
Germany-EUR,- ( Tron ),NotVisible,
Germany-EUR,- ( Binance_Smart_Chain ),NotVisible,
Germany-EUR,- ( Base ),NotVisible,
Germany-EUR,- ( Solana ),NotVisible,
Germany-EUR,- ( Ethereum ),NotVisible,
Germany-EUR,- ( Celo ),NotVisible,
Germany-EUR,- ( Arbitrum ),NotVisible,
Germany-EUR,- ( Polygon ),NotVisible,
Germany-EUR,- ( Linea ),NotVisible,
Germany-EUR,- ( Polygon ),NotVisible,
Germany-EUR,- ( CELO ),NotVisible,
Germany-EUR,- ( Arbitrum ),NotVisible,
Germany-EUR,- ( Ethereum ),NotVisible,
Germany-EUR,- ( Solana ),NotVisible,
Germany-EUR,- ( Tron ),NotVisible,
Germany-EUR,- ( Ethereum ),NotVisible,
Germany-EUR,- ( Radix ),NotVisible,
Greece-EUR,- ( Cardano ),NotVisible,
Greece-EUR,- ( Algorand ),NotVisible,
Greece-EUR,- ( Avalanche ),NotVisible,
Greece-EUR,- ( Bitcoin Cash ),Success,You get ~2.133257470540835 EUR for 0.01 BCH
Greece-EUR,- ( Binance Smart Chain ),Success,You get ~4.050727430777315 EUR for 0.01 BNB
Greece-EUR,- ( Bitcoin ),Success,You get ~980.9610442581702 EUR for 0.01 BTC
Greece-EUR,- ( Celo ),NotVisible,
Greece-EUR,- ( CELO ),NotVisible,
Greece-EUR,- ( Ethereum ),Success,You get ~28.658091049359527 EUR for 0.01 ETH
Greece-EUR,- ( Litecoin ),NotVisible,
Greece-EUR,- ( Polygon ),NotVisible,
Greece-EUR,- ( Sonic ),NotVisible,
Greece-EUR,- ( Solana ),NotVisible,
Greece-EUR,- ( Tron ),NotVisible,
Greece-EUR,- ( Binance_Smart_Chain ),NotVisible,
Greece-EUR,- ( Base ),NotVisible,
Greece-EUR,- ( Solana ),NotVisible,
Greece-EUR,- ( Ethereum ),NotVisible,
Greece-EUR,- ( Celo ),NotVisible,
Greece-EUR,- ( Arbitrum ),NotVisible,
Greece-EUR,- ( Polygon ),NotVisible,
Greece-EUR,- ( Linea ),NotVisible,
Greece-EUR,- ( Polygon ),NotVisible,
Greece-EUR,- ( CELO ),NotVisible,
Greece-EUR,- ( Arbitrum ),NotVisible,
Greece-EUR,- ( Ethereum ),NotVisible,
Greece-EUR,- ( Solana ),NotVisible,
Greece-EUR,- ( Tron ),NotVisible,
Greece-EUR,- ( Ethereum ),NotVisible,
Greece-EUR,- ( Radix ),NotVisible,
Hungary-EUR,- ( Cardano ),NotVisible,
Hungary-EUR,- ( Algorand ),NotVisible,
Hungary-EUR,- ( Avalanche ),NotVisible,
Hungary-EUR,- ( Bitcoin Cash ),Success,You get ~2.1337707179881935 EUR for 0.01 BCH
Hungary-EUR,- ( Binance Smart Chain ),Success,You get ~4.052391400808501 EUR for 0.01 BNB
Hungary-EUR,- ( Bitcoin ),Success,You get ~981.3204835409551 EUR for 0.01 BTC
Hungary-EUR,- ( Celo ),NotVisible,
Hungary-EUR,- ( CELO ),NotVisible,
Hungary-EUR,- ( Ethereum ),Success,You get ~28.66003456870256 EUR for 0.01 ETH
Hungary-EUR,- ( Litecoin ),NotVisible,
Hungary-EUR,- ( Polygon ),NotVisible,
Hungary-EUR,- ( Sonic ),NotVisible,
Hungary-EUR,- ( Solana ),NotVisible,
Hungary-EUR,- ( Tron ),NotVisible,
Hungary-EUR,- ( Binance_Smart_Chain ),NotVisible,
Hungary-EUR,- ( Base ),NotVisible,
Hungary-EUR,- ( Solana ),NotVisible,
Hungary-EUR,- ( Ethereum ),NotVisible,
Hungary-EUR,- ( Celo ),NotVisible,
Hungary-EUR,- ( Arbitrum ),NotVisible,
Hungary-EUR,- ( Polygon ),NotVisible,
Hungary-EUR,- ( Linea ),NotVisible,
Hungary-EUR,- ( Polygon ),NotVisible,
Hungary-EUR,- ( CELO ),NotVisible,
Hungary-EUR,- ( Arbitrum ),NotVisible,
Hungary-EUR,- ( Ethereum ),NotVisible,
Hungary-EUR,- ( Solana ),NotVisible,
Hungary-EUR,- ( Tron ),NotVisible,
Hungary-EUR,- ( Ethereum ),NotVisible,
Hungary-EUR,- ( Radix ),NotVisible,
Iceland-EUR,- ( Cardano ),NotVisible,
Iceland-EUR,- ( Algorand ),NotVisible,
Iceland-EUR,- ( Avalanche ),NotVisible,
Iceland-EUR,- ( Bitcoin Cash ),Success,You get ~2.129749365710785 EUR for 0.01 BCH
Iceland-EUR,- ( Binance Smart Chain ),Success,You get ~4.042128574683865 EUR for 0.01 BNB
Iceland-EUR,- ( Bitcoin ),Success,You get ~980.9057815873475 EUR for 0.01 BTC
Iceland-EUR,- ( Celo ),NotVisible,
Iceland-EUR,- ( CELO ),NotVisible,
Iceland-EUR,- ( Ethereum ),Success,You get ~28.63356066620963 EUR for 0.01 ETH
Iceland-EUR,- ( Litecoin ),NotVisible,
Iceland-EUR,- ( Polygon ),NotVisible,
Iceland-EUR,- ( Sonic ),NotVisible,
Iceland-EUR,- ( Solana ),NotVisible,
Iceland-EUR,- ( Tron ),NotVisible,
Iceland-EUR,- ( Binance_Smart_Chain ),NotVisible,
Iceland-EUR,- ( Base ),NotVisible,
Iceland-EUR,- ( Solana ),NotVisible,
Iceland-EUR,- ( Ethereum ),NotVisible,
Iceland-EUR,- ( Celo ),NotVisible,
Iceland-EUR,- ( Arbitrum ),NotVisible,
Iceland-EUR,- ( Polygon ),NotVisible,
Iceland-EUR,- ( Linea ),NotVisible,
Iceland-EUR,- ( Polygon ),NotVisible,
Iceland-EUR,- ( CELO ),NotVisible,
Iceland-EUR,- ( Arbitrum ),NotVisible,
Iceland-EUR,- ( Ethereum ),NotVisible,
Iceland-EUR,- ( Solana ),NotVisible,
Iceland-EUR,- ( Tron ),NotVisible,
Iceland-EUR,- ( Ethereum ),NotVisible,
Iceland-EUR,- ( Radix ),NotVisible,
Ireland-EUR,- ( Cardano ),NotVisible,
Ireland-EUR,- ( Algorand ),NotVisible,
Ireland-EUR,- ( Avalanche ),NotVisible,
Ireland-EUR,- ( Bitcoin Cash ),Success,You get ~2.1290067737602176 EUR for 0.01 BCH
Ireland-EUR,- ( Binance Smart Chain ),Success,You get ~4.041016605935383 EUR for 0.01 BNB
Ireland-EUR,- ( Bitcoin ),Success,You get ~980.7052943032248 EUR for 0.01 BTC
Ireland-EUR,- ( Celo ),NotVisible,
Ireland-EUR,- ( CELO ),NotVisible,
Ireland-EUR,- ( Ethereum ),Success,You get ~28.626799303862924 EUR for 0.01 ETH
Ireland-EUR,- ( Litecoin ),NotVisible,
Ireland-EUR,- ( Polygon ),NotVisible,
Ireland-EUR,- ( Sonic ),NotVisible,
Ireland-EUR,- ( Solana ),NotVisible,
Ireland-EUR,- ( Tron ),NotVisible,
Ireland-EUR,- ( Binance_Smart_Chain ),NotVisible,
Ireland-EUR,- ( Base ),NotVisible,
Ireland-EUR,- ( Solana ),NotVisible,
Ireland-EUR,- ( Ethereum ),NotVisible,
Ireland-EUR,- ( Celo ),NotVisible,
Ireland-EUR,- ( Arbitrum ),NotVisible,
Ireland-EUR,- ( Polygon ),NotVisible,
Ireland-EUR,- ( Linea ),NotVisible,
Ireland-EUR,- ( Polygon ),NotVisible,
Ireland-EUR,- ( CELO ),NotVisible,
Ireland-EUR,- ( Arbitrum ),NotVisible,
Ireland-EUR,- ( Ethereum ),NotVisible,
Ireland-EUR,- ( Solana ),NotVisible,
Ireland-EUR,- ( Tron ),NotVisible,
Ireland-EUR,- ( Ethereum ),NotVisible,
Ireland-EUR,- ( Radix ),NotVisible,
Italy-EUR,- ( Cardano ),NotVisible,
Italy-EUR,- ( Algorand ),NotVisible,
Italy-EUR,- ( Avalanche ),NotVisible,
Italy-EUR,- ( Bitcoin Cash ),Success,You get ~2.1290067737602176 EUR for 0.01 BCH
Italy-EUR,- ( Binance Smart Chain ),Success,You get ~4.039986225116003 EUR for 0.01 BNB
Italy-EUR,- ( Bitcoin ),Success,You get ~980.5092706351479 EUR for 0.01 BTC
Italy-EUR,- ( Celo ),NotVisible,
Italy-EUR,- ( CELO ),NotVisible,
Italy-EUR,- ( Ethereum ),Success,You get ~28.614987621299314 EUR for 0.01 ETH
Italy-EUR,- ( Litecoin ),NotVisible,
Italy-EUR,- ( Polygon ),NotVisible,
Italy-EUR,- ( Sonic ),NotVisible,
Italy-EUR,- ( Solana ),NotVisible,
Italy-EUR,- ( Tron ),NotVisible,
Italy-EUR,- ( Binance_Smart_Chain ),NotVisible,
Italy-EUR,- ( Base ),NotVisible,
Italy-EUR,- ( Solana ),NotVisible,
Italy-EUR,- ( Ethereum ),NotVisible,
Italy-EUR,- ( Celo ),NotVisible,
Italy-EUR,- ( Arbitrum ),NotVisible,
Italy-EUR,- ( Polygon ),NotVisible,
Italy-EUR,- ( Linea ),NotVisible,
Italy-EUR,- ( Polygon ),NotVisible,
Italy-EUR,- ( CELO ),NotVisible,
Italy-EUR,- ( Arbitrum ),NotVisible,
Italy-EUR,- ( Ethereum ),NotVisible,
Italy-EUR,- ( Solana ),NotVisible,
Italy-EUR,- ( Tron ),NotVisible,
Italy-EUR,- ( Ethereum ),NotVisible,
Italy-EUR,- ( Radix ),NotVisible,
Latvia-EUR,- ( Cardano ),NotVisible,
Latvia-EUR,- ( Algorand ),NotVisible,
Latvia-EUR,- ( Avalanche ),NotVisible,
Latvia-EUR,- ( Bitcoin Cash ),Success,You get ~2.1328574788992127 EUR for 0.01 BCH
Latvia-EUR,- ( Binance Smart Chain ),Success,You get ~4.035734264604498 EUR for 0.01 BNB
Latvia-EUR,- ( Bitcoin ),Success,You get ~980.0494486177342 EUR for 0.01 BTC
Latvia-EUR,- ( Celo ),NotVisible,
Latvia-EUR,- ( CELO ),NotVisible,
Latvia-EUR,- ( Ethereum ),Success,You get ~28.608710226543156 EUR for 0.01 ETH
Latvia-EUR,- ( Litecoin ),NotVisible,
Latvia-EUR,- ( Polygon ),NotVisible,
Latvia-EUR,- ( Sonic ),NotVisible,
Latvia-EUR,- ( Solana ),NotVisible,
Latvia-EUR,- ( Tron ),NotVisible,
Latvia-EUR,- ( Binance_Smart_Chain ),NotVisible,
Latvia-EUR,- ( Base ),NotVisible,
Latvia-EUR,- ( Solana ),NotVisible,
Latvia-EUR,- ( Ethereum ),NotVisible,
Latvia-EUR,- ( Celo ),NotVisible,
Latvia-EUR,- ( Arbitrum ),NotVisible,
Latvia-EUR,- ( Polygon ),NotVisible,
Latvia-EUR,- ( Linea ),NotVisible,
Latvia-EUR,- ( Polygon ),NotVisible,
Latvia-EUR,- ( CELO ),NotVisible,
Latvia-EUR,- ( Arbitrum ),NotVisible,
Latvia-EUR,- ( Ethereum ),NotVisible,
Latvia-EUR,- ( Solana ),NotVisible,
Latvia-EUR,- ( Tron ),NotVisible,
Latvia-EUR,- ( Ethereum ),NotVisible,
Latvia-EUR,- ( Radix ),NotVisible,
Liechtenstein-EUR,- ( Cardano ),NotVisible,
Liechtenstein-EUR,- ( Algorand ),NotVisible,
Liechtenstein-EUR,- ( Avalanche ),NotVisible,
Liechtenstein-EUR,- ( Bitcoin Cash ),Success,You get ~2.1328574788992127 EUR for 0.01 BCH
Liechtenstein-EUR,- ( Binance Smart Chain ),Success,You get ~4.034016995310267 EUR for 0.01 BNB
Liechtenstein-EUR,- ( Bitcoin ),Success,You get ~979.9447370754032 EUR for 0.01 BTC
Liechtenstein-EUR,- ( Celo ),NotVisible,
Liechtenstein-EUR,- ( CELO ),NotVisible,
Liechtenstein-EUR,- ( Ethereum ),Success,You get ~28.588605610415573 EUR for 0.01 ETH
Liechtenstein-EUR,- ( Litecoin ),NotVisible,
Liechtenstein-EUR,- ( Polygon ),NotVisible,
Liechtenstein-EUR,- ( Sonic ),NotVisible,
Liechtenstein-EUR,- ( Solana ),NotVisible,
Liechtenstein-EUR,- ( Tron ),NotVisible,
Liechtenstein-EUR,- ( Binance_Smart_Chain ),NotVisible,
Liechtenstein-EUR,- ( Base ),NotVisible,
Liechtenstein-EUR,- ( Solana ),NotVisible,
Liechtenstein-EUR,- ( Ethereum ),NotVisible,
Liechtenstein-EUR,- ( Celo ),NotVisible,
Liechtenstein-EUR,- ( Arbitrum ),NotVisible,
Liechtenstein-EUR,- ( Polygon ),NotVisible,
Liechtenstein-EUR,- ( Linea ),NotVisible,
Liechtenstein-EUR,- ( Polygon ),NotVisible,
Liechtenstein-EUR,- ( CELO ),NotVisible,
Liechtenstein-EUR,- ( Arbitrum ),NotVisible,
Liechtenstein-EUR,- ( Ethereum ),NotVisible,
Liechtenstein-EUR,- ( Solana ),NotVisible,
Liechtenstein-EUR,- ( Tron ),NotVisible,
Liechtenstein-EUR,- ( Ethereum ),NotVisible,
Liechtenstein-EUR,- ( Radix ),NotVisible,
Lithuania-EUR,- ( Cardano ),NotVisible,
Lithuania-EUR,- ( Algorand ),NotVisible,
Lithuania-EUR,- ( Avalanche ),NotVisible,
Lithuania-EUR,- ( Bitcoin Cash ),Success,You get ~2.136320943748398 EUR for 0.01 BCH
Lithuania-EUR,- ( Binance Smart Chain ),Success,You get ~4.034778181561088 EUR for 0.01 BNB
Lithuania-EUR,- ( Bitcoin ),Success,You get ~979.9768352647767 EUR for 0.01 BTC
Lithuania-EUR,- ( Celo ),NotVisible,
Lithuania-EUR,- ( CELO ),NotVisible,
Lithuania-EUR,- ( Ethereum ),Success,You get ~28.593909530288755 EUR for 0.01 ETH
Lithuania-EUR,- ( Litecoin ),NotVisible,
Lithuania-EUR,- ( Polygon ),NotVisible,
Lithuania-EUR,- ( Sonic ),NotVisible,
Lithuania-EUR,- ( Solana ),NotVisible,
Lithuania-EUR,- ( Tron ),NotVisible,
Lithuania-EUR,- ( Binance_Smart_Chain ),NotVisible,
Lithuania-EUR,- ( Base ),NotVisible,
Lithuania-EUR,- ( Solana ),NotVisible,
Lithuania-EUR,- ( Ethereum ),NotVisible,
Lithuania-EUR,- ( Celo ),NotVisible,
Lithuania-EUR,- ( Arbitrum ),NotVisible,
Lithuania-EUR,- ( Polygon ),NotVisible,
Lithuania-EUR,- ( Linea ),NotVisible,
Lithuania-EUR,- ( Polygon ),NotVisible,
Lithuania-EUR,- ( CELO ),NotVisible,
Lithuania-EUR,- ( Arbitrum ),NotVisible,
Lithuania-EUR,- ( Ethereum ),NotVisible,
Lithuania-EUR,- ( Solana ),NotVisible,
Lithuania-EUR,- ( Tron ),NotVisible,
Lithuania-EUR,- ( Ethereum ),NotVisible,
Lithuania-EUR,- ( Radix ),NotVisible,
Luxembourg-EUR,- ( Cardano ),NotVisible,
Luxembourg-EUR,- ( Algorand ),NotVisible,
Luxembourg-EUR,- ( Avalanche ),NotVisible,
Luxembourg-EUR,- ( Bitcoin Cash ),Success,You get ~2.146122005259954 EUR for 0.01 BCH
Luxembourg-EUR,- ( Binance Smart Chain ),Success,You get ~4.039276617485623 EUR for 0.01 BNB
Luxembourg-EUR,- ( Bitcoin ),Success,You get ~980.2901341541204 EUR for 0.01 BTC
Luxembourg-EUR,- ( Celo ),NotVisible,
Luxembourg-EUR,- ( CELO ),NotVisible,
Luxembourg-EUR,- ( Ethereum ),Success,You get ~28.61317657428583 EUR for 0.01 ETH
Luxembourg-EUR,- ( Litecoin ),NotVisible,
Luxembourg-EUR,- ( Polygon ),NotVisible,
Luxembourg-EUR,- ( Sonic ),NotVisible,
Luxembourg-EUR,- ( Solana ),NotVisible,
Luxembourg-EUR,- ( Tron ),NotVisible,
Luxembourg-EUR,- ( Binance_Smart_Chain ),NotVisible,
Luxembourg-EUR,- ( Base ),NotVisible,
Luxembourg-EUR,- ( Solana ),NotVisible,
Luxembourg-EUR,- ( Ethereum ),NotVisible,
Luxembourg-EUR,- ( Celo ),NotVisible,
Luxembourg-EUR,- ( Arbitrum ),NotVisible,
Luxembourg-EUR,- ( Polygon ),NotVisible,
Luxembourg-EUR,- ( Linea ),NotVisible,
Luxembourg-EUR,- ( Polygon ),NotVisible,
Luxembourg-EUR,- ( CELO ),NotVisible,
Luxembourg-EUR,- ( Arbitrum ),NotVisible,
Luxembourg-EUR,- ( Ethereum ),NotVisible,
Luxembourg-EUR,- ( Solana ),NotVisible,
Luxembourg-EUR,- ( Tron ),NotVisible,
Luxembourg-EUR,- ( Ethereum ),NotVisible,
Luxembourg-EUR,- ( Radix ),NotVisible,
Malta-EUR,- ( Cardano ),NotVisible,
Malta-EUR,- ( Algorand ),NotVisible,
Malta-EUR,- ( Avalanche ),NotVisible,
Malta-EUR,- ( Bitcoin Cash ),Success,You get ~2.1539125926152924 EUR for 0.01 BCH
Malta-EUR,- ( Binance Smart Chain ),Success,You get ~4.038556197579646 EUR for 0.01 BNB
Malta-EUR,- ( Bitcoin ),Success,You get ~980.2247937440435 EUR for 0.01 BTC
Malta-EUR,- ( Celo ),NotVisible,
Malta-EUR,- ( CELO ),NotVisible,
Malta-EUR,- ( Ethereum ),Success,You get ~28.602035196670133 EUR for 0.01 ETH
Malta-EUR,- ( Litecoin ),NotVisible,
Malta-EUR,- ( Polygon ),NotVisible,
Malta-EUR,- ( Sonic ),NotVisible,
Malta-EUR,- ( Solana ),NotVisible,
Malta-EUR,- ( Tron ),NotVisible,
Malta-EUR,- ( Binance_Smart_Chain ),NotVisible,
Malta-EUR,- ( Base ),NotVisible,
Malta-EUR,- ( Solana ),NotVisible,
Malta-EUR,- ( Ethereum ),NotVisible,
Malta-EUR,- ( Celo ),NotVisible,
Malta-EUR,- ( Arbitrum ),NotVisible,
Malta-EUR,- ( Polygon ),NotVisible,
Malta-EUR,- ( Linea ),NotVisible,
Malta-EUR,- ( Polygon ),NotVisible,
Malta-EUR,- ( CELO ),NotVisible,
Malta-EUR,- ( Arbitrum ),NotVisible,
Malta-EUR,- ( Ethereum ),NotVisible,
Malta-EUR,- ( Solana ),NotVisible,
Malta-EUR,- ( Tron ),NotVisible,
Malta-EUR,- ( Ethereum ),NotVisible,
Malta-EUR,- ( Radix ),NotVisible,
Monaco-EUR,- ( Cardano ),NotVisible,
Monaco-EUR,- ( Algorand ),NotVisible,
Monaco-EUR,- ( Avalanche ),NotVisible,
Monaco-EUR,- ( Bitcoin Cash ),Success,You get ~2.1534410052751647 EUR for 0.01 BCH
Monaco-EUR,- ( Binance Smart Chain ),Success,You get ~4.035684217243091 EUR for 0.01 BNB
Monaco-EUR,- ( Bitcoin ),Success,You get ~979.8978480127168 EUR for 0.01 BTC
Monaco-EUR,- ( Celo ),NotVisible,
Monaco-EUR,- ( CELO ),NotVisible,
Monaco-EUR,- ( Ethereum ),Success,You get ~28.58501272125638 EUR for 0.01 ETH
Monaco-EUR,- ( Litecoin ),NotVisible,
Monaco-EUR,- ( Polygon ),NotVisible,
Monaco-EUR,- ( Sonic ),NotVisible,
Monaco-EUR,- ( Solana ),NotVisible,
Monaco-EUR,- ( Tron ),NotVisible,
Monaco-EUR,- ( Binance_Smart_Chain ),NotVisible,
Monaco-EUR,- ( Base ),NotVisible,
Monaco-EUR,- ( Solana ),NotVisible,
Monaco-EUR,- ( Ethereum ),NotVisible,
Monaco-EUR,- ( Celo ),NotVisible,
Monaco-EUR,- ( Arbitrum ),NotVisible,
Monaco-EUR,- ( Polygon ),NotVisible,
Monaco-EUR,- ( Linea ),NotVisible,
Monaco-EUR,- ( Polygon ),NotVisible,
Monaco-EUR,- ( CELO ),NotVisible,
Monaco-EUR,- ( Arbitrum ),NotVisible,
Monaco-EUR,- ( Ethereum ),NotVisible,
Monaco-EUR,- ( Solana ),NotVisible,
Monaco-EUR,- ( Tron ),NotVisible,
Monaco-EUR,- ( Ethereum ),NotVisible,
Monaco-EUR,- ( Radix ),NotVisible,
Netherlands-EUR,- ( Cardano ),NotVisible,
Netherlands-EUR,- ( Algorand ),NotVisible,
Netherlands-EUR,- ( Avalanche ),NotVisible,
Netherlands-EUR,- ( Bitcoin Cash ),Success,You get ~2.155786531875004 EUR for 0.01 BCH
Netherlands-EUR,- ( Binance Smart Chain ),Success,You get ~4.032618278901872 EUR for 0.01 BNB
Netherlands-EUR,- ( Bitcoin ),Success,You get ~979.5225637567427 EUR for 0.01 BTC
Netherlands-EUR,- ( Celo ),NotVisible,
Netherlands-EUR,- ( CELO ),NotVisible,
Netherlands-EUR,- ( Ethereum ),Success,You get ~28.554185800229913 EUR for 0.01 ETH
Netherlands-EUR,- ( Litecoin ),NotVisible,
Netherlands-EUR,- ( Polygon ),NotVisible,
Netherlands-EUR,- ( Sonic ),NotVisible,
Netherlands-EUR,- ( Solana ),NotVisible,
Netherlands-EUR,- ( Tron ),NotVisible,
Netherlands-EUR,- ( Binance_Smart_Chain ),NotVisible,
Netherlands-EUR,- ( Base ),NotVisible,
Netherlands-EUR,- ( Solana ),NotVisible,
Netherlands-EUR,- ( Ethereum ),NotVisible,
Netherlands-EUR,- ( Celo ),NotVisible,
Netherlands-EUR,- ( Arbitrum ),NotVisible,
Netherlands-EUR,- ( Polygon ),NotVisible,
Netherlands-EUR,- ( Linea ),NotVisible,
Netherlands-EUR,- ( Polygon ),NotVisible,
Netherlands-EUR,- ( CELO ),NotVisible,
Netherlands-EUR,- ( Arbitrum ),NotVisible,
Netherlands-EUR,- ( Ethereum ),NotVisible,
Netherlands-EUR,- ( Solana ),NotVisible,
Netherlands-EUR,- ( Tron ),NotVisible,
Netherlands-EUR,- ( Ethereum ),NotVisible,
Netherlands-EUR,- ( Radix ),NotVisible,
Norway-EUR,- ( Cardano ),NotVisible,
Norway-EUR,- ( Algorand ),NotVisible,
Norway-EUR,- ( Avalanche ),NotVisible,
Norway-EUR,- ( Bitcoin Cash ),Success,You get ~2.166985077618625 EUR for 0.01 BCH
Norway-EUR,- ( Binance Smart Chain ),Success,You get ~4.026541524786079 EUR for 0.01 BNB
Norway-EUR,- ( Bitcoin ),Success,You get ~979.2330184222853 EUR for 0.01 BTC
Norway-EUR,- ( Celo ),NotVisible,
Norway-EUR,- ( CELO ),NotVisible,
Norway-EUR,- ( Ethereum ),Success,You get ~28.51505736575199 EUR for 0.01 ETH
Norway-EUR,- ( Litecoin ),NotVisible,
Norway-EUR,- ( Polygon ),NotVisible,
Norway-EUR,- ( Sonic ),NotVisible,
Norway-EUR,- ( Solana ),NotVisible,
Norway-EUR,- ( Tron ),NotVisible,
Norway-EUR,- ( Binance_Smart_Chain ),NotVisible,
Norway-EUR,- ( Base ),NotVisible,
Norway-EUR,- ( Solana ),NotVisible,
Norway-EUR,- ( Ethereum ),NotVisible,
Norway-EUR,- ( Celo ),NotVisible,
Norway-EUR,- ( Arbitrum ),NotVisible,
Norway-EUR,- ( Polygon ),NotVisible,
Norway-EUR,- ( Linea ),NotVisible,
Norway-EUR,- ( Polygon ),NotVisible,
Norway-EUR,- ( CELO ),NotVisible,
Norway-EUR,- ( Arbitrum ),NotVisible,
Norway-EUR,- ( Ethereum ),NotVisible,
Norway-EUR,- ( Solana ),NotVisible,
Norway-EUR,- ( Tron ),NotVisible,
Norway-EUR,- ( Ethereum ),NotVisible,
Norway-EUR,- ( Radix ),NotVisible,
Poland-EUR,- ( Cardano ),NotVisible,
Poland-EUR,- ( Algorand ),NotVisible,
Poland-EUR,- ( Avalanche ),NotVisible,
Poland-EUR,- ( Bitcoin Cash ),Success,You get ~2.1606186843908497 EUR for 0.01 BCH
Poland-EUR,- ( Binance Smart Chain ),Success,You get ~4.023174037841914 EUR for 0.01 BNB
Poland-EUR,- ( Bitcoin ),Success,You get ~978.8351188455496 EUR for 0.01 BTC
Poland-EUR,- ( Celo ),NotVisible,
Poland-EUR,- ( CELO ),NotVisible,
Poland-EUR,- ( Ethereum ),Success,You get ~28.515895049071435 EUR for 0.01 ETH
Poland-EUR,- ( Litecoin ),NotVisible,
Poland-EUR,- ( Polygon ),NotVisible,
Poland-EUR,- ( Sonic ),NotVisible,
Poland-EUR,- ( Solana ),NotVisible,
Poland-EUR,- ( Tron ),NotVisible,
Poland-EUR,- ( Binance_Smart_Chain ),NotVisible,
Poland-EUR,- ( Base ),NotVisible,
Poland-EUR,- ( Solana ),NotVisible,
Poland-EUR,- ( Ethereum ),NotVisible,
Poland-EUR,- ( Celo ),NotVisible,
Poland-EUR,- ( Arbitrum ),NotVisible,
Poland-EUR,- ( Polygon ),NotVisible,
Poland-EUR,- ( Linea ),NotVisible,
Poland-EUR,- ( Polygon ),NotVisible,
Poland-EUR,- ( CELO ),NotVisible,
Poland-EUR,- ( Arbitrum ),NotVisible,
Poland-EUR,- ( Ethereum ),NotVisible,
Poland-EUR,- ( Solana ),NotVisible,
Poland-EUR,- ( Tron ),NotVisible,
Poland-EUR,- ( Ethereum ),NotVisible,
Poland-EUR,- ( Radix ),NotVisible,
Portugal-EUR,- ( Cardano ),NotVisible,
Portugal-EUR,- ( Algorand ),NotVisible,
Portugal-EUR,- ( Avalanche ),NotVisible,
Portugal-EUR,- ( Bitcoin Cash ),Success,You get ~2.1693402637723853 EUR for 0.01 BCH
Portugal-EUR,- ( Binance Smart Chain ),Success,You get ~4.023831618116001 EUR for 0.01 BNB
Portugal-EUR,- ( Bitcoin ),Success,You get ~979.5082413038099 EUR for 0.01 BTC
Portugal-EUR,- ( Celo ),NotVisible,
Portugal-EUR,- ( CELO ),NotVisible,
Portugal-EUR,- ( Ethereum ),Success,You get ~28.55286783022117 EUR for 0.01 ETH
Portugal-EUR,- ( Litecoin ),NotVisible,
Portugal-EUR,- ( Polygon ),NotVisible,
Portugal-EUR,- ( Sonic ),NotVisible,
Portugal-EUR,- ( Solana ),NotVisible,
Portugal-EUR,- ( Tron ),NotVisible,
Portugal-EUR,- ( Binance_Smart_Chain ),NotVisible,
Portugal-EUR,- ( Base ),NotVisible,
Portugal-EUR,- ( Solana ),NotVisible,
Portugal-EUR,- ( Ethereum ),NotVisible,
Portugal-EUR,- ( Celo ),NotVisible,
Portugal-EUR,- ( Arbitrum ),NotVisible,
Portugal-EUR,- ( Polygon ),NotVisible,
Portugal-EUR,- ( Linea ),NotVisible,
Portugal-EUR,- ( Polygon ),NotVisible,
Portugal-EUR,- ( CELO ),NotVisible,
Portugal-EUR,- ( Arbitrum ),NotVisible,
Portugal-EUR,- ( Ethereum ),NotVisible,
Portugal-EUR,- ( Solana ),NotVisible,
Portugal-EUR,- ( Tron ),NotVisible,
Portugal-EUR,- ( Ethereum ),NotVisible,
Portugal-EUR,- ( Radix ),NotVisible,
Romania-EUR,- ( Cardano ),NotVisible,
Romania-EUR,- ( Algorand ),NotVisible,
Romania-EUR,- ( Avalanche ),NotVisible,
Romania-EUR,- ( Bitcoin Cash ),Success,You get ~2.1756233525604958 EUR for 0.01 BCH
Romania-EUR,- ( Binance Smart Chain ),Success,You get ~4.029612059801064 EUR for 0.01 BNB
Romania-EUR,- ( Bitcoin ),Success,You get ~979.8399883918221 EUR for 0.01 BTC
Romania-EUR,- ( Celo ),NotVisible,
Romania-EUR,- ( CELO ),NotVisible,
Romania-EUR,- ( Ethereum ),Success,You get ~28.55990488966386 EUR for 0.01 ETH
Romania-EUR,- ( Litecoin ),NotVisible,
Romania-EUR,- ( Polygon ),NotVisible,
Romania-EUR,- ( Sonic ),NotVisible,
Romania-EUR,- ( Solana ),NotVisible,
Romania-EUR,- ( Tron ),NotVisible,
Romania-EUR,- ( Binance_Smart_Chain ),NotVisible,
Romania-EUR,- ( Base ),NotVisible,
Romania-EUR,- ( Solana ),NotVisible,
Romania-EUR,- ( Ethereum ),NotVisible,
Romania-EUR,- ( Celo ),NotVisible,
Romania-EUR,- ( Arbitrum ),NotVisible,
Romania-EUR,- ( Polygon ),NotVisible,
Romania-EUR,- ( Linea ),NotVisible,
Romania-EUR,- ( Polygon ),NotVisible,
Romania-EUR,- ( CELO ),NotVisible,
Romania-EUR,- ( Arbitrum ),NotVisible,
Romania-EUR,- ( Ethereum ),NotVisible,
Romania-EUR,- ( Solana ),NotVisible,
Romania-EUR,- ( Tron ),NotVisible,
Romania-EUR,- ( Ethereum ),NotVisible,
Romania-EUR,- ( Radix ),NotVisible,
San Marino-EUR,- ( Cardano ),NotVisible,
San Marino-EUR,- ( Algorand ),NotVisible,
San Marino-EUR,- ( Avalanche ),NotVisible,
San Marino-EUR,- ( Bitcoin Cash ),Success,You get ~2.163183920685171 EUR for 0.01 BCH
San Marino-EUR,- ( Binance Smart Chain ),Success,You get ~4.032855454608576 EUR for 0.01 BNB
San Marino-EUR,- ( Bitcoin ),Success,You get ~980.0985116212408 EUR for 0.01 BTC
San Marino-EUR,- ( Celo ),NotVisible,
San Marino-EUR,- ( CELO ),NotVisible,
San Marino-EUR,- ( Ethereum ),Success,You get ~28.591104017581603 EUR for 0.01 ETH
San Marino-EUR,- ( Litecoin ),NotVisible,
San Marino-EUR,- ( Polygon ),NotVisible,
San Marino-EUR,- ( Sonic ),NotVisible,
San Marino-EUR,- ( Solana ),NotVisible,
San Marino-EUR,- ( Tron ),NotVisible,
San Marino-EUR,- ( Binance_Smart_Chain ),NotVisible,
San Marino-EUR,- ( Base ),NotVisible,
San Marino-EUR,- ( Solana ),NotVisible,
San Marino-EUR,- ( Ethereum ),NotVisible,
San Marino-EUR,- ( Celo ),NotVisible,
San Marino-EUR,- ( Arbitrum ),NotVisible,
San Marino-EUR,- ( Polygon ),NotVisible,
San Marino-EUR,- ( Linea ),NotVisible,
San Marino-EUR,- ( Polygon ),NotVisible,
San Marino-EUR,- ( CELO ),NotVisible,
San Marino-EUR,- ( Arbitrum ),NotVisible,
San Marino-EUR,- ( Ethereum ),NotVisible,
San Marino-EUR,- ( Solana ),NotVisible,
San Marino-EUR,- ( Tron ),NotVisible,
San Marino-EUR,- ( Ethereum ),NotVisible,
San Marino-EUR,- ( Radix ),NotVisible,
Slovakia-EUR,- ( Cardano ),NotVisible,
Slovakia-EUR,- ( Algorand ),NotVisible,
Slovakia-EUR,- ( Avalanche ),NotVisible,
Slovakia-EUR,- ( Bitcoin Cash ),Success,You get ~2.1722311643066634 EUR for 0.01 BCH
Slovakia-EUR,- ( Binance Smart Chain ),Success,You get ~4.0327214213697395 EUR for 0.01 BNB
Slovakia-EUR,- ( Bitcoin ),Success,You get ~979.966991505632 EUR for 0.01 BTC
Slovakia-EUR,- ( Celo ),NotVisible,
Slovakia-EUR,- ( CELO ),NotVisible,
Slovakia-EUR,- ( Ethereum ),Success,You get ~28.58113529544311 EUR for 0.01 ETH
Slovakia-EUR,- ( Litecoin ),NotVisible,
Slovakia-EUR,- ( Polygon ),NotVisible,
Slovakia-EUR,- ( Sonic ),NotVisible,
Slovakia-EUR,- ( Solana ),NotVisible,
Slovakia-EUR,- ( Tron ),NotVisible,
Slovakia-EUR,- ( Binance_Smart_Chain ),NotVisible,
Slovakia-EUR,- ( Base ),NotVisible,
Slovakia-EUR,- ( Solana ),NotVisible,
Slovakia-EUR,- ( Ethereum ),NotVisible,
Slovakia-EUR,- ( Celo ),NotVisible,
Slovakia-EUR,- ( Arbitrum ),NotVisible,
Slovakia-EUR,- ( Polygon ),NotVisible,
Slovakia-EUR,- ( Linea ),NotVisible,
Slovakia-EUR,- ( Polygon ),NotVisible,
Slovakia-EUR,- ( CELO ),NotVisible,
Slovakia-EUR,- ( Arbitrum ),NotVisible,
Slovakia-EUR,- ( Ethereum ),NotVisible,
Slovakia-EUR,- ( Solana ),NotVisible,
Slovakia-EUR,- ( Tron ),NotVisible,
Slovakia-EUR,- ( Ethereum ),NotVisible,
Slovakia-EUR,- ( Radix ),NotVisible,
Slovenia-EUR,- ( Cardano ),NotVisible,
Slovenia-EUR,- ( Algorand ),NotVisible,
Slovenia-EUR,- ( Avalanche ),NotVisible,
Slovenia-EUR,- ( Bitcoin Cash ),Success,You get ~2.1732364135979405 EUR for 0.01 BCH
Slovenia-EUR,- ( Binance Smart Chain ),Success,You get ~4.027167419035434 EUR for 0.01 BNB
Slovenia-EUR,- ( Bitcoin ),Success,You get ~979.8651536375091 EUR for 0.01 BTC
Slovenia-EUR,- ( Celo ),NotVisible,
Slovenia-EUR,- ( CELO ),NotVisible,
Slovenia-EUR,- ( Ethereum ),Success,You get ~28.57372537669849 EUR for 0.01 ETH
Slovenia-EUR,- ( Litecoin ),NotVisible,
Slovenia-EUR,- ( Polygon ),NotVisible,
Slovenia-EUR,- ( Sonic ),NotVisible,
Slovenia-EUR,- ( Solana ),NotVisible,
Slovenia-EUR,- ( Tron ),NotVisible,
Slovenia-EUR,- ( Binance_Smart_Chain ),NotVisible,
Slovenia-EUR,- ( Base ),NotVisible,
Slovenia-EUR,- ( Solana ),NotVisible,
Slovenia-EUR,- ( Ethereum ),NotVisible,
Slovenia-EUR,- ( Celo ),NotVisible,
Slovenia-EUR,- ( Arbitrum ),NotVisible,
Slovenia-EUR,- ( Polygon ),NotVisible,
Slovenia-EUR,- ( Linea ),NotVisible,
Slovenia-EUR,- ( Polygon ),NotVisible,
Slovenia-EUR,- ( CELO ),NotVisible,
Slovenia-EUR,- ( Arbitrum ),NotVisible,
Slovenia-EUR,- ( Ethereum ),NotVisible,
Slovenia-EUR,- ( Solana ),NotVisible,
Slovenia-EUR,- ( Tron ),NotVisible,
Slovenia-EUR,- ( Ethereum ),NotVisible,
Slovenia-EUR,- ( Radix ),NotVisible,
Spain-EUR,- ( Cardano ),NotVisible,
Spain-EUR,- ( Algorand ),NotVisible,
Spain-EUR,- ( Avalanche ),NotVisible,
Spain-EUR,- ( Bitcoin Cash ),Success,You get ~2.173142497848743 EUR for 0.01 BCH
Spain-EUR,- ( Binance Smart Chain ),Success,You get ~4.038102142631598 EUR for 0.01 BNB
Spain-EUR,- ( Bitcoin ),Success,You get ~980.0695502189947 EUR for 0.01 BTC
Spain-EUR,- ( Celo ),NotVisible,
Spain-EUR,- ( CELO ),NotVisible,
Spain-EUR,- ( Ethereum ),Success,You get ~28.58729596940368 EUR for 0.01 ETH
Spain-EUR,- ( Litecoin ),NotVisible,
Spain-EUR,- ( Polygon ),NotVisible,
Spain-EUR,- ( Sonic ),NotVisible,
Spain-EUR,- ( Solana ),NotVisible,
Spain-EUR,- ( Tron ),NotVisible,
Spain-EUR,- ( Binance_Smart_Chain ),NotVisible,
Spain-EUR,- ( Base ),NotVisible,
Spain-EUR,- ( Solana ),NotVisible,
Spain-EUR,- ( Ethereum ),NotVisible,
Spain-EUR,- ( Celo ),NotVisible,
Spain-EUR,- ( Arbitrum ),NotVisible,
Spain-EUR,- ( Polygon ),NotVisible,
Spain-EUR,- ( Linea ),NotVisible,
Spain-EUR,- ( Polygon ),NotVisible,
Spain-EUR,- ( CELO ),NotVisible,
Spain-EUR,- ( Arbitrum ),NotVisible,
Spain-EUR,- ( Ethereum ),NotVisible,
Spain-EUR,- ( Solana ),NotVisible,
Spain-EUR,- ( Tron ),NotVisible,
Spain-EUR,- ( Ethereum ),NotVisible,
Spain-EUR,- ( Radix ),NotVisible,
Sweden-EUR,- ( Cardano ),NotVisible,
Sweden-EUR,- ( Algorand ),NotVisible,
Sweden-EUR,- ( Avalanche ),NotVisible,
Sweden-EUR,- ( Bitcoin Cash ),Success,You get ~2.1733938051210613 EUR for 0.01 BCH
Sweden-EUR,- ( Binance Smart Chain ),Success,You get ~4.034324156637747 EUR for 0.01 BNB
Sweden-EUR,- ( Bitcoin ),Success,You get ~980.1114347643811 EUR for 0.01 BTC
Sweden-EUR,- ( Celo ),NotVisible,
Sweden-EUR,- ( CELO ),NotVisible,
Sweden-EUR,- ( Ethereum ),Success,You get ~28.62851036206387 EUR for 0.01 ETH
Sweden-EUR,- ( Litecoin ),NotVisible,
Sweden-EUR,- ( Polygon ),NotVisible,
Sweden-EUR,- ( Sonic ),NotVisible,
Sweden-EUR,- ( Solana ),NotVisible,
Sweden-EUR,- ( Tron ),NotVisible,
Sweden-EUR,- ( Binance_Smart_Chain ),NotVisible,
Sweden-EUR,- ( Base ),NotVisible,
Sweden-EUR,- ( Solana ),NotVisible,
Sweden-EUR,- ( Ethereum ),NotVisible,
Sweden-EUR,- ( Celo ),NotVisible,
Sweden-EUR,- ( Arbitrum ),NotVisible,
Sweden-EUR,- ( Polygon ),NotVisible,
Sweden-EUR,- ( Linea ),NotVisible,
Sweden-EUR,- ( Polygon ),NotVisible,
Sweden-EUR,- ( CELO ),NotVisible,
Sweden-EUR,- ( Arbitrum ),NotVisible,
Sweden-EUR,- ( Ethereum ),NotVisible,
Sweden-EUR,- ( Solana ),NotVisible,
Sweden-EUR,- ( Tron ),NotVisible,
Sweden-EUR,- ( Ethereum ),NotVisible,
Sweden-EUR,- ( Radix ),NotVisible,
Switzerland-EUR,- ( Cardano ),NotVisible,
Switzerland-EUR,- ( Algorand ),NotVisible,
Switzerland-EUR,- ( Avalanche ),NotVisible,
Switzerland-EUR,- ( Bitcoin Cash ),Success,You get ~2.164505719074215 EUR for 0.01 BCH
Switzerland-EUR,- ( Binance Smart Chain ),Success,You get ~4.036993128046971 EUR for 0.01 BNB
Switzerland-EUR,- ( Bitcoin ),Success,You get ~980.5697123300151 EUR for 0.01 BTC
Switzerland-EUR,- ( Celo ),NotVisible,
Switzerland-EUR,- ( CELO ),NotVisible,
Switzerland-EUR,- ( Ethereum ),Success,You get ~28.65258168525451 EUR for 0.01 ETH
Switzerland-EUR,- ( Litecoin ),NotVisible,
Switzerland-EUR,- ( Polygon ),NotVisible,
Switzerland-EUR,- ( Sonic ),NotVisible,
Switzerland-EUR,- ( Solana ),NotVisible,
Switzerland-EUR,- ( Tron ),NotVisible,
Switzerland-EUR,- ( Binance_Smart_Chain ),NotVisible,
Switzerland-EUR,- ( Base ),NotVisible,
Switzerland-EUR,- ( Solana ),NotVisible,
Switzerland-EUR,- ( Ethereum ),NotVisible,
Switzerland-EUR,- ( Celo ),NotVisible,
Switzerland-EUR,- ( Arbitrum ),NotVisible,
Switzerland-EUR,- ( Polygon ),NotVisible,
Switzerland-EUR,- ( Linea ),NotVisible,
Switzerland-EUR,- ( Polygon ),NotVisible,
Switzerland-EUR,- ( CELO ),NotVisible,
Switzerland-EUR,- ( Arbitrum ),NotVisible,
Switzerland-EUR,- ( Ethereum ),NotVisible,
Switzerland-EUR,- ( Solana ),NotVisible,
Switzerland-EUR,- ( Tron ),NotVisible,
Switzerland-EUR,- ( Ethereum ),NotVisible,
Switzerland-EUR,- ( Radix ),NotVisible,
Thailand-THB,- ( Cardano ),NotVisible,
Thailand-THB,- ( Algorand ),NotVisible,
Thailand-THB,- ( Avalanche ),NotVisible,
Thailand-THB,- ( Bitcoin Cash ),Success,You get ~179.56177514918375 THB for 0.01 BCH
Thailand-THB,- ( Binance Smart Chain ),Success,You get ~251.882246513531 THB for 0.01 BNB
Thailand-THB,- ( Bitcoin ),Success,You get ~37897.56274901437 THB for 0.01 BTC
Thailand-THB,- ( Celo ),NotVisible,
Thailand-THB,- ( CELO ),NotVisible,
Thailand-THB,- ( Ethereum ),Success,You get ~1201.9920033349338 THB for 0.01 ETH
Thailand-THB,- ( Litecoin ),NotVisible,
Thailand-THB,- ( Polygon ),NotVisible,
Thailand-THB,- ( Sonic ),NotVisible,
Thailand-THB,- ( Solana ),NotVisible,
Thailand-THB,- ( Tron ),NotVisible,
Thailand-THB,- ( Binance_Smart_Chain ),NotVisible,
Thailand-THB,- ( Base ),NotVisible,
Thailand-THB,- ( Solana ),NotVisible,
Thailand-THB,- ( Ethereum ),NotVisible,
Thailand-THB,- ( Celo ),NotVisible,
Thailand-THB,- ( Arbitrum ),NotVisible,
Thailand-THB,- ( Polygon ),NotVisible,
Thailand-THB,- ( Linea ),NotVisible,
Thailand-THB,- ( Polygon ),NotVisible,
Thailand-THB,- ( CELO ),NotVisible,
Thailand-THB,- ( Arbitrum ),NotVisible,
Thailand-THB,- ( Ethereum ),NotVisible,
Thailand-THB,- ( Solana ),NotVisible,
Thailand-THB,- ( Tron ),NotVisible,
Thailand-THB,- ( Ethereum ),NotVisible,
Thailand-THB,- ( Radix ),NotVisible,
United Kingdom-EUR,- ( Cardano ),NotVisible,
United Kingdom-EUR,- ( Algorand ),NotVisible,
United Kingdom-EUR,- ( Avalanche ),NotVisible,
United Kingdom-EUR,- ( Bitcoin Cash ),Success,You get ~2.1597234173060533 EUR for 0.01 BCH
United Kingdom-EUR,- ( Binance Smart Chain ),Success,You get ~4.0487606308779185 EUR for 0.01 BNB
United Kingdom-EUR,- ( Bitcoin ),Success,You get ~981.4769352579084 EUR for 0.01 BTC
United Kingdom-EUR,- ( Celo ),NotVisible,
United Kingdom-EUR,- ( CELO ),NotVisible,
United Kingdom-EUR,- ( Ethereum ),Success,You get ~28.703099638145222 EUR for 0.01 ETH
United Kingdom-EUR,- ( Litecoin ),NotVisible,
United Kingdom-EUR,- ( Polygon ),NotVisible,
United Kingdom-EUR,- ( Sonic ),NotVisible,
United Kingdom-EUR,- ( Solana ),NotVisible,
United Kingdom-EUR,- ( Tron ),NotVisible,
United Kingdom-EUR,- ( Binance_Smart_Chain ),NotVisible,
United Kingdom-EUR,- ( Base ),NotVisible,
United Kingdom-EUR,- ( Solana ),NotVisible,
United Kingdom-EUR,- ( Ethereum ),NotVisible,
United Kingdom-EUR,- ( Celo ),NotVisible,
United Kingdom-EUR,- ( Arbitrum ),NotVisible,
United Kingdom-EUR,- ( Polygon ),NotVisible,
United Kingdom-EUR,- ( Linea ),NotVisible,
United Kingdom-EUR,- ( Polygon ),NotVisible,
United Kingdom-EUR,- ( CELO ),NotVisible,
United Kingdom-EUR,- ( Arbitrum ),NotVisible,
United Kingdom-EUR,- ( Ethereum ),NotVisible,
United Kingdom-EUR,- ( Solana ),NotVisible,
United Kingdom-EUR,- ( Tron ),NotVisible,
United Kingdom-EUR,- ( Ethereum ),NotVisible,
United Kingdom-EUR,- ( Radix ),NotVisible,
Vatican City-EUR,- ( Cardano ),NotVisible,
Vatican City-EUR,- ( Algorand ),NotVisible,
Vatican City-EUR,- ( Avalanche ),NotVisible,
Vatican City-EUR,- ( Bitcoin Cash ),Success,You get ~2.16625750137886 EUR for 0.01 BCH
Vatican City-EUR,- ( Binance Smart Chain ),Success,You get ~4.050578446575097 EUR for 0.01 BNB
Vatican City-EUR,- ( Bitcoin ),Success,You get ~981.8689803022768 EUR for 0.01 BTC
Vatican City-EUR,- ( Celo ),NotVisible,
Vatican City-EUR,- ( CELO ),NotVisible,
Vatican City-EUR,- ( Ethereum ),Success,You get ~28.83763475379814 EUR for 0.01 ETH
Vatican City-EUR,- ( Litecoin ),NotVisible,
Vatican City-EUR,- ( Polygon ),NotVisible,
Vatican City-EUR,- ( Sonic ),NotVisible,
Vatican City-EUR,- ( Solana ),NotVisible,
Vatican City-EUR,- ( Tron ),NotVisible,
Vatican City-EUR,- ( Binance_Smart_Chain ),NotVisible,
Vatican City-EUR,- ( Base ),NotVisible,
Vatican City-EUR,- ( Solana ),NotVisible,
Vatican City-EUR,- ( Ethereum ),NotVisible,
Vatican City-EUR,- ( Celo ),NotVisible,
Vatican City-EUR,- ( Arbitrum ),NotVisible,
Vatican City-EUR,- ( Polygon ),NotVisible,
Vatican City-EUR,- ( Linea ),NotVisible,
Vatican City-EUR,- ( Polygon ),NotVisible,
Vatican City-EUR,- ( CELO ),NotVisible,
Vatican City-EUR,- ( Arbitrum ),NotVisible,
Vatican City-EUR,- ( Ethereum ),NotVisible,
Vatican City-EUR,- ( Solana ),NotVisible,
Vatican City-EUR,- ( Tron ),NotVisible,
Vatican City-EUR,- ( Ethereum ),NotVisible,
Vatican City-EUR,- ( Radix ),NotVisible,
Vietnam-VND,- ( Cardano ),NotVisible,
Vietnam-VND,- ( Algorand ),NotVisible,
Vietnam-VND,- ( Avalanche ),NotVisible,
Vietnam-VND,- ( Bitcoin Cash ),Success,You get ~140950.95159488506 VND for 0.01 BCH
Vietnam-VND,- ( Binance Smart Chain ),Success,You get ~197684.1139461682 VND for 0.01 BNB
Vietnam-VND,- ( Bitcoin ),Success,You get ~29702375.486878317 VND for 0.01 BTC
Vietnam-VND,- ( Celo ),NotVisible,
Vietnam-VND,- ( CELO ),NotVisible,
Vietnam-VND,- ( Ethereum ),Success,You get ~946425.3941427064 VND for 0.01 ETH
Vietnam-VND,- ( Litecoin ),NotVisible,
Vietnam-VND,- ( Polygon ),NotVisible,
Vietnam-VND,- ( Sonic ),NotVisible,
Vietnam-VND,- ( Solana ),NotVisible,
Vietnam-VND,- ( Tron ),NotVisible,
Vietnam-VND,- ( Binance_Smart_Chain ),NotVisible,
Vietnam-VND,- ( Base ),NotVisible,
Vietnam-VND,- ( Solana ),NotVisible,
Vietnam-VND,- ( Ethereum ),NotVisible,
Vietnam-VND,- ( Celo ),NotVisible,
Vietnam-VND,- ( Arbitrum ),NotVisible,
Vietnam-VND,- ( Polygon ),NotVisible,
Vietnam-VND,- ( Linea ),NotVisible,
Vietnam-VND,- ( Polygon ),NotVisible,
Vietnam-VND,- ( CELO ),NotVisible,
Vietnam-VND,- ( Arbitrum ),NotVisible,
Vietnam-VND,- ( Ethereum ),NotVisible,
Vietnam-VND,- ( Solana ),NotVisible,
Vietnam-VND,- ( Tron ),NotVisible,
Vietnam-VND,- ( Ethereum ),NotVisible,
Vietnam-VND,- ( Radix ),NotVisible,

